site,scenario,engine,repetition,concurrency,requests,errors,requestsPerSecond,cpuMsPerRequest,loadMedianRssMiB,sampledPeakRssMiB,p95Ms,p99Ms,cpuPercentOneCore,meanBodyBytes
documentation,isr-hit,before,1,4,165617,0,33120.98326783809,0.0749923015149411,9.65625,9.65625,0.1717079999998532,0.23466599999994742,248.38187636930334,1131
documentation,isr-hit,rustyx,1,4,187583,0,37514.12500560276,0.043767292345255164,9.5,9.625,0.14333299999998417,0.22225000000071304,164.1891676196663,1131
documentation,isr-hit,next,1,4,65140,0,13026.778304439566,0.09180227202947498,211.140625,212.9375,0.5669590000002245,0.8830000000000027,119.58878455718238,1669
documentation,isr-hit,next,2,4,65071,0,13012.514663343354,0.09205329563092622,217.28125,219.21875,0.564082999999755,0.8750830000003589,119.78448592065081,1669
documentation,isr-hit,rustyx,2,4,200995,0,40196.54801057136,0.040747282270703254,9.59375,9.609375,0.13366599999972095,0.19987499999979264,163.79000880946265,1131
documentation,isr-hit,before,2,4,160083,0,32014.443827208233,0.07727241493475259,9.65625,9.671875,0.1757500000003347,0.23683300000004692,247.38333873213637,1131
documentation,isr-hit,before,3,4,142919,0,28581.96265426191,0.08585282572646044,9.765625,9.8125,0.2004580000000047,0.27224999999998545,245.38422586765486,1131
documentation,isr-hit,rustyx,3,4,168167,0,33631.34428408064,0.04816640601307034,9.5625,9.703125,0.1658329999995658,0.2592080000003989,161.99009835523802,1131
documentation,isr-hit,next,3,4,30366,0,6072.289460195444,0.18046499374300204,209.0625,212.34375,1.4104999999999563,2.665457999999944,109.58356794398681,1669
boutique,image-hot,before,1,4,69452,0,13888.788669960391,0.14614409952197202,12.53125,12.71875,0.441749999999999,0.5983330000000251,202.97645136223286,2254
boutique,image-hot,rustyx,1,4,168695,0,33736.721084490746,0.019324816977385223,9.765625,9.78125,0.19395800000000918,0.35670899999996664,65.19559603748768,2254
boutique,image-hot,next,1,4,60607,0,12120.309778135457,0.10213341693203755,219.234375,220.109375,0.5652079999999842,1.1644999999998618,123.78886519157602,2254
boutique,image-hot,next,2,4,54315,0,10862.306624208795,0.11267605633802817,220.5,222.625,0.6040840000000571,1.2813329999999041,122.39218731502868,2254
boutique,image-hot,rustyx,2,4,163808,0,32759.331141140094,0.019962394999023247,9.6875,9.71875,0.1982919999998103,0.32920899999999875,65.39547081432416,2254
boutique,image-hot,before,2,4,74412,0,14880.637263518782,0.14083749932806536,12.609375,12.75,0.40804099999991195,0.53512499999988,209.5751740602011,2254
boutique,image-hot,before,3,4,68658,0,13730.304317864557,0.14914503772320778,13.03125,13.0625,0.4614169999999831,0.6109999999998763,204.7806755439032,2254
boutique,image-hot,rustyx,3,4,142457,0,28489.165976467288,0.02204173891068884,9.6875,9.734375,0.2570839999999919,0.44195799999988594,62.79507582365716,2254
boutique,image-hot,next,3,4,59233,0,11845.719863014177,0.10500903212736144,216.84375,219.78125,0.568583000000018,1.2024999999998727,124.39075776669793,2254
journal,api-pages,before,1,4,58141,0,11627.179036012334,0.1731996353691887,138.171875,138.609375,0.654790999999932,1.1970830000000205,201.38231694096112,35
journal,api-pages,rustyx,1,4,67039,0,13406.069389052856,0.12395769626635242,138.9375,141.453125,0.5385830000000169,1.183249999999589,166.17854774538588,35
journal,api-pages,next,1,4,43616,0,8722.185465042137,0.14398385913426265,213.265625,216.140625,0.9952079999998205,1.5625830000000036,125.58539233415402,35
journal,api-pages,next,2,4,41723,0,8343.4025131543,0.14859909402487836,213.890625,215.1875,1.0299580000000788,1.5677080000000387,123.98220545396224,35
journal,api-pages,rustyx,2,4,71065,0,14211.641602976006,0.1169352001688595,139.015625,141.015625,0.4728330000000369,1.1267499999999018,166.18411555720905,35
journal,api-pages,before,2,4,55443,0,11087.49836390256,0.178561766138196,137.921875,138.4375,0.7371250000005602,1.3157920000003287,197.98032899127995,35
journal,api-pages,before,3,4,58903,0,11776.626665086864,0.17112880498446598,138.859375,139.328125,0.6136670000000777,1.1711250000000746,201.53200479445118,35
journal,api-pages,rustyx,3,4,68836,0,13766.076688142246,0.12057644255912604,138.5,140.84375,0.5293330000000083,1.1417499999997744,165.98645550523077,35
journal,api-pages,next,3,4,43141,0,8627.017737960557,0.1458009781878028,227.65625,227.9375,0.9837499999994179,1.4752500000000026,125.7827625038175,35
documentation,api-pages,before,1,4,60150,0,12028.892240067384,0.171238570241064,135.96875,136.46875,0.5831660000000056,1.13341599999967,205.98103087729683,33.81529509559435
documentation,api-pages,rustyx,1,4,67286,0,13455.875379407076,0.12617780816217342,138.703125,141.203125,0.5285840000000022,1.1599999999999966,169.78328622769382,33.834883928306034
documentation,api-pages,next,1,4,44733,0,8945.667265689475,0.1399414302640109,214.578125,216.640625,0.9656659999998283,1.5074999999999363,125.18694718265289,33.75163749357298
documentation,api-pages,next,2,4,44280,0,8854.885761389009,0.14182475158084915,212.6875,213.96875,0.9612920000004124,1.4757080000000542,125.58419733857944,33.749096657633245
documentation,api-pages,rustyx,2,4,69599,0,13918.549301429453,0.12299027284874783,139.4375,141.40625,0.5072909999998956,1.1479169999997794,171.1846176241557,33.84037126970215
documentation,api-pages,before,2,4,63347,0,12667.785174084933,0.16449082040191326,136.796875,137.296875,0.5397079999999619,1.062167000000045,208.37343759604244,33.824616793218304
documentation,api-pages,before,3,4,61339,0,12266.494128661454,0.16906046723943982,139.703125,140.265625,0.5693749999999937,1.1094999999999686,207.37792287813508,33.81887542998745
documentation,api-pages,rustyx,3,4,70978,0,14194.293176848945,0.1232776353236214,139.109375,142.0625,0.5014580000001843,1.1104159999999865,174.98388979321518,33.84347262532052
documentation,api-pages,next,3,4,49476,0,9892.89693359386,0.1277387015926914,211.75,215.140625,0.8829169999999067,1.3632920000000013,126.3705809287598,33.77544668121918
dashboard,ppr-flight,before,1,4,6454,0,1290.202636179449,1.507592190889371,232,244.078125,4.600041000000147,6.8683750000000146,194.50994189690175,3572.828013634955
dashboard,ppr-flight,rustyx,1,4,8013,0,1602.3762412973879,1.20304505179084,226.046875,243.171875,3.719791999999984,5.137666999999965,192.77308082000275,3572.8614751029577
dashboard,ppr-flight,next,1,4,5693,0,1137.8110133980344,1.213771298085368,246.75,267.453125,5.500458999999864,7.19766699999991,138.10423507079602,4649.805023713332
dashboard,ppr-flight,next,2,4,5723,0,1144.0031545638117,1.1969246898479817,249.0625,271.40625,5.526333999999906,7.597499999999968,136.9285620961403,4649.806045780185
dashboard,ppr-flight,rustyx,2,4,8326,0,1664.5544025749614,1.162623108335335,227.8125,239.875,3.630375000000015,5.393040999999926,193.52494135149684,3572.866682680759
dashboard,ppr-flight,before,2,4,7027,0,1405.0482694895347,1.4017361605236944,240.546875,253.65625,4.2571669999999955,6.135125000000016,196.95069666247213,3572.8420378539918
dashboard,ppr-flight,before,3,4,7281,0,1452.273126080734,1.3363548963054526,228.734375,248.34375,4.075416000000018,6.194916000000376,194.0752302810815,3572.8475484136793
dashboard,ppr-flight,rustyx,3,4,8334,0,1666.1815274129492,1.1459083273338133,228.21875,232.625,3.523458000000005,5.210000000000008,190.92912871122707,3572.8668106551477
dashboard,ppr-flight,next,3,4,6057,0,1210.941446747653,1.1358758461284464,251.6875,267.4375,5.163208000000054,6.968166999999994,137.54791404364954,4649.816740960871
dashboard,ppr-html,before,1,4,5768,0,1153.1024266168545,1.7458391123439667,246.734375,285.15625,5.275874999999928,7.639958000000206,201.31313169264433,7310.800624133149
dashboard,ppr-html,rustyx,1,4,6721,0,1342.9169323094459,1.5295342954917424,258.578125,272.484375,4.451209000000063,6.1950409999999465,205.40375039638602,7310.828894509746
dashboard,ppr-html,next,1,4,3665,0,732.4980984559219,1.931787175989086,258.875,276.421875,7.848042000000078,10.206666999999925,141.50304330335408,8771.394270122782
dashboard,ppr-html,next,2,4,3424,0,684.2288797647373,2.076518691588785,270.96875,292.5,8.09058300000001,11.165125000000444,142.08140581563322,8771.351635514018
dashboard,ppr-html,rustyx,2,4,6849,0,1369.1643996565695,1.4907285735143816,257.109375,276.578125,4.484709000000009,6.198124999999891,204.10524924067127,7310.832092276245
dashboard,ppr-html,before,2,4,6116,0,1222.742643140823,1.6432308698495748,262.46875,279.3125,4.791708999999628,6.469959000000017,200.92484570904628,7310.811968606933
dashboard,ppr-html,before,3,4,5959,0,1191.278438524392,1.7402248699446217,271.90625,293.734375,4.759124999999585,6.5246250000000146,207.3092365748942,7310.807014599765
dashboard,ppr-html,rustyx,3,4,7065,0,1412.6290201696618,1.4493984430290163,261.6875,278.734375,4.379333000000003,6.122000000000298,204.74623024115124,7310.8372257607925
dashboard,ppr-html,next,3,4,3730,0,745.4601316598788,1.873994638069705,270.734375,288.453125,7.663416999999981,10.333249999999907,139.69882896253492,8771.404825737265
portail,api-async,before,1,4,604,0,120.49302293778698,1.2251655629139073,90.59375,96.265625,34.9694999999997,35.34195799999998,14.762390227477212,41.817880794701985
portail,api-async,rustyx,1,4,604,0,120.38155271156954,1.2251655629139073,89.671875,95.265625,35.14920799999982,35.70749999999998,14.748733279232031,41.817880794701985
portail,api-async,next,1,4,596,0,119.09657653293878,1.6946308724832215,138.671875,146.75,37.25274999999965,39.58745799999997,20.18247353997788,41.81543624161074
portail,api-async,next,2,4,600,0,119.78599831316119,1.6666666666666667,137.328125,147.53125,36.057582999999795,37.90841599999999,19.96433305219353,41.81666666666667
portail,api-async,rustyx,2,4,616,0,122.72898151008698,0.8928571428571429,92.796875,96.171875,34.87679200000002,36.53641700000003,10.957944777686338,41.82142857142857
portail,api-async,before,2,4,608,0,121.28453589003661,1.118421052631579,93.03125,95.296875,34.7787500000004,35.42591700000003,13.564717829806725,41.81907894736842
portail,api-async,before,3,4,604,0,120.18356546483237,1.2417218543046358,91.171875,96.0625,35.26220799999999,36.25529199999983,14.923455976593424,41.817880794701985
portail,api-async,rustyx,3,4,605,0,120.17722167396192,1.1570247933884297,91.21875,94.5625,34.9657500000003,35.579291999999896,13.904802507731132,41.81818181818182
portail,api-async,next,3,4,600,0,119.25655167544151,1.6666666666666667,140.171875,150.21875,36.24933299999975,37.663125000000036,19.876091945906918,41.81666666666667
journal,upload,before,1,4,71116,0,14220.419077597853,0.1594577872771247,195.671875,198.34375,0.7007499999999709,1.147541000000274,226.75565602671645,35
journal,upload,rustyx,1,4,74875,0,14974.037666516095,0.12674457429048414,193.484375,198.0625,0.7028340000001663,1.0416250000000673,189.7878029452257,35
journal,upload,next,1,4,46409,0,9280.67216631499,0.14415307375724537,248.015625,249.546875,0.9251250000000368,1.517832999999996,133.78374193076186,35
journal,upload,next,2,4,46824,0,9363.84676039979,0.1435161455663762,242.34375,244.359375,0.9095409999999902,1.4422090000007302,134.38631947267768,35
journal,upload,rustyx,2,4,74823,0,14963.382854497204,0.12843644333961482,186.4375,189.78125,0.6951250000001892,1.0294170000006488,192.18436741605942,35
journal,upload,before,2,4,65637,0,13126.437065579168,0.1736825266237031,208.046875,208.421875,0.7319170000000668,1.2022500000000491,227.9832755116817,35
journal,upload,before,3,4,65010,0,13000.771317903978,0.17520381479772343,193.75,200.5,0.7362919999995938,1.2197500000002037,227.77847302096032,35
journal,upload,rustyx,3,4,72588,0,14516.25736813001,0.13170220973163607,189.359375,191.5,0.7115410000001248,1.038082999999915,191.18231724158662,35
journal,upload,next,3,4,45072,0,9013.553401996718,0.14865104721334754,245.65625,246.9375,0.9514580000000024,1.4863749999999953,133.98741523202435,35
dashboard,mixed-64,before,1,64,15652,0,3103.5348969413,0.7820086889854332,263.09375,303.359375,69.78808400000003,81.36633299999994,242.69912559776074,4262.202018911321
dashboard,mixed-64,rustyx,1,64,18088,0,3591.2514670591327,0.6905130473241928,272.375,301.8125,61.33295899999996,74.73816700000003,247.980599422648,4262.354378593543
dashboard,mixed-64,next,1,64,7376,0,1467.1826417822156,1.0195227765726682,323.5,335,108.60424999999998,137.07779200000002,149.58261206890268,5434.568194143167
dashboard,mixed-64,next,2,64,7455,0,1482.0582240141443,1.0073775989268947,324.8125,334.859375,106.67258300000003,133.112708,149.29922551772268,5434.850704225352
dashboard,mixed-64,rustyx,2,64,17563,0,3487.220329868598,0.7157091613050163,281.09375,296.890625,64.39987499999984,76.02670800000001,249.58355375760564,4262.325115299209
dashboard,mixed-64,before,2,64,14239,0,2822.0852299369453,0.8392443289556851,249.625,296.40625,82.58029099999999,104.37924999999996,236.8419025054182,4262.089753493925
dashboard,mixed-64,before,3,64,15151,0,3002.4858051825786,0.8144676919015247,270.65625,300.53125,72.895083,85.55366700000002,244.54276837141455,4262.164609596726
dashboard,mixed-64,rustyx,3,64,18223,0,3619.0369326263935,0.6755199473193217,276.5,311.8125,62.04329200000029,74.31454199999996,244.4731638074461,4262.361630905998
dashboard,mixed-64,next,3,64,7371,0,1465.5260032618073,1.0229276895943562,313.296875,334.046875,107.93016699999998,125.60524999999996,149.91271285570517,5434.849002849003
portail,async-512,before,1,512,56341,0,11185.320872870661,0.24919685486590581,276.921875,282.265625,55.509457999999995,72.2781670000004,278.7346782185337,43.80280790188318
portail,async-512,rustyx,1,512,55912,0,11099.99061716078,0.18994133638574903,271.890625,285.1875,57.16491700000006,76.48816699999998,210.83470516927937,43.8012948919731
portail,async-512,next,1,512,25448,0,5008.882854575093,0.2923608928010059,366.8125,376.03125,118.53512500000033,198.11829200000003,146.44014632992253,43.56342345174473
portail,async-512,next,2,512,25940,0,5149.444521806434,0.2918272937548188,393.859375,399,145.79670799999997,222.606875,150.27484591393485,43.57170393215112
portail,async-512,rustyx,2,512,56022,0,11103.043645473566,0.18724786690942843,271.65625,285.546875,54.693459000000075,78.47437499999978,207.90212388172097,43.80168505230088
portail,async-512,before,2,512,57896,0,11481.937558685853,0.24250379991709273,271.46875,282.6875,51.65908300000001,59.93337500000007,278.4413488392106,43.808104186817744
portail,async-512,before,3,512,57365,0,11385.009060731627,0.2485836311339667,271.375,283.34375,52.775125000000116,63.009375000000006,283.01268928097795,43.806327900287634
portail,async-512,rustyx,3,512,56365,0,11191.052955183026,0.1875277211035217,279.75,287.25,53.50695799999994,74.15983299999994,209.86326574343047,43.802891865519385
portail,async-512,next,3,512,25574,0,5042.433805715409,0.2893563775709705,363.484375,376,104.46979200000033,165.848333,145.90603801632136,43.56557441151169
documentation,mixed-64,before,1,64,102670,0,20524.97961217511,0.19382487581572028,232.765625,233.359375,5.44524999999976,6.756542000000081,397.8251624450031,12746.96640693484
documentation,mixed-64,rustyx,1,64,109824,0,21954.041053353914,0.10635198135198135,147.125,148.1875,5.063290999999936,6.217375000000004,233.48557647069285,12746.747077141608
documentation,mixed-64,next,1,64,37927,0,7576.83432515001,0.17665515332085321,249,249.65625,22.552250000000186,33.706957999999986,133.84868293960784,13122.771877554249
documentation,mixed-64,next,2,64,37377,0,7464.671711113546,0.1792546218262568,243.890625,266.921875,23.612957999999935,32.71270799999999,133.8076904632816,13122.269952109586
documentation,mixed-64,rustyx,2,64,105568,0,21103.154115979087,0.11338663231282206,147.96875,149.03125,5.318416999999954,7.228875000000016,239.28155763893383,12746.736880494089
documentation,mixed-64,before,2,64,100161,0,20022.421717981822,0.18610037839079083,144.375,146.90625,5.5063749999999345,7.332042000000001,372.61802580164056,12746.66329209972
documentation,mixed-64,before,3,64,100020,0,19993.095929423478,0.17816436712657469,143.328125,148.1875,5.450791999999865,6.976332999999613,356.205728316663,12746.722285542892
documentation,mixed-64,rustyx,3,64,105254,0,21040.746558760104,0.12028046440040284,145.546875,146.3125,5.227208000000019,6.506417000000056,253.07907674188434,12746.967231649154
documentation,mixed-64,next,3,64,38018,0,7594.556781512415,0.17623231101057393,237.5625,257.078125,22.401084000000083,32.29412499999995,133.84062927069593,13123.072491977484
