site,scenario,engine,requestsPerSecond,cpuMsPerRequest,loadMedianRssMiB,sampledPeakRssMiB,p95Ms,p99Ms,cpuPercentOneCore,meanBodyBytes
documentation,isr-hit,before,32014.443827208233,0.07727241493475259,9.65625,9.671875,0.1757500000003347,0.23683300000004692,247.38333873213637,1131
documentation,isr-hit,rustyx,37514.12500560276,0.043767292345255164,9.5625,9.625,0.14333299999998417,0.22225000000071304,163.79000880946265,1131
documentation,isr-hit,next,13012.514663343354,0.09205329563092622,211.140625,212.9375,0.5669590000002245,0.8830000000000027,119.58878455718238,1669
boutique,image-hot,before,13888.788669960391,0.14614409952197202,12.609375,12.75,0.441749999999999,0.5983330000000251,204.7806755439032,2254
boutique,image-hot,rustyx,32759.331141140094,0.019962394999023247,9.6875,9.734375,0.1982919999998103,0.35670899999996664,65.19559603748768,2254
boutique,image-hot,next,11845.719863014177,0.10500903212736144,219.234375,220.109375,0.568583000000018,1.2024999999998727,123.78886519157602,2254
journal,api-pages,before,11627.179036012334,0.1731996353691887,138.171875,138.609375,0.654790999999932,1.1970830000000205,201.38231694096112,35
journal,api-pages,rustyx,13766.076688142246,0.12057644255912604,138.9375,141.015625,0.5293330000000083,1.1417499999997744,166.17854774538588,35
journal,api-pages,next,8627.017737960557,0.1458009781878028,213.890625,216.140625,0.9952079999998205,1.5625830000000036,125.58539233415402,35
documentation,api-pages,before,12266.494128661454,0.16906046723943982,136.796875,137.296875,0.5693749999999937,1.1094999999999686,207.37792287813508,33.81887542998745
documentation,api-pages,rustyx,13918.549301429453,0.1232776353236214,139.109375,141.40625,0.5072909999998956,1.1479169999997794,171.1846176241557,33.84037126970215
documentation,api-pages,next,8945.667265689475,0.1399414302640109,212.6875,215.140625,0.9612920000004124,1.4757080000000542,125.58419733857944,33.75163749357298
dashboard,ppr-flight,before,1405.0482694895347,1.4017361605236944,232,248.34375,4.2571669999999955,6.194916000000376,194.50994189690175,3572.8420378539918
dashboard,ppr-flight,rustyx,1664.5544025749614,1.162623108335335,227.8125,239.875,3.630375000000015,5.210000000000008,192.77308082000275,3572.866682680759
dashboard,ppr-flight,next,1144.0031545638117,1.1969246898479817,249.0625,267.453125,5.500458999999864,7.19766699999991,137.54791404364954,4649.806045780185
dashboard,ppr-html,before,1191.278438524392,1.7402248699446217,262.46875,285.15625,4.791708999999628,6.5246250000000146,201.31313169264433,7310.807014599765
dashboard,ppr-html,rustyx,1369.1643996565695,1.4907285735143816,258.578125,276.578125,4.451209000000063,6.1950409999999465,204.74623024115124,7310.832092276245
dashboard,ppr-html,next,732.4980984559219,1.931787175989086,270.734375,288.453125,7.848042000000078,10.333249999999907,141.50304330335408,8771.394270122782
portail,api-async,before,120.49302293778698,1.2251655629139073,91.171875,96.0625,34.9694999999997,35.42591700000003,14.762390227477212,41.817880794701985
portail,api-async,rustyx,120.38155271156954,1.1570247933884297,91.21875,95.265625,34.9657500000003,35.70749999999998,13.904802507731132,41.81818181818182
portail,api-async,next,119.25655167544151,1.6666666666666667,138.671875,147.53125,36.24933299999975,37.90841599999999,19.96433305219353,41.81666666666667
journal,upload,before,13126.437065579168,0.1736825266237031,195.671875,200.5,0.7319170000000668,1.2022500000000491,227.77847302096032,35
journal,upload,rustyx,14963.382854497204,0.12843644333961482,189.359375,191.5,0.7028340000001663,1.038082999999915,191.18231724158662,35
journal,upload,next,9280.67216631499,0.14415307375724537,245.65625,246.9375,0.9251250000000368,1.4863749999999953,133.98741523202435,35
dashboard,mixed-64,before,3002.4858051825786,0.8144676919015247,263.09375,300.53125,72.895083,85.55366700000002,242.69912559776074,4262.164609596726
dashboard,mixed-64,rustyx,3591.2514670591327,0.6905130473241928,276.5,301.8125,62.04329200000029,74.73816700000003,247.980599422648,4262.354378593543
dashboard,mixed-64,next,1467.1826417822156,1.0195227765726682,323.5,334.859375,107.93016699999998,133.112708,149.58261206890268,5434.849002849003
portail,async-512,before,11385.009060731627,0.2485836311339667,271.46875,282.6875,52.775125000000116,63.009375000000006,278.7346782185337,43.806327900287634
portail,async-512,rustyx,11103.043645473566,0.1875277211035217,271.890625,285.546875,54.693459000000075,76.48816699999998,209.86326574343047,43.80168505230088
portail,async-512,next,5042.433805715409,0.2918272937548188,366.8125,376.03125,118.53512500000033,198.11829200000003,146.44014632992253,43.56557441151169
documentation,mixed-64,before,20022.421717981822,0.18610037839079083,144.375,148.1875,5.450791999999865,6.976332999999613,372.61802580164056,12746.722285542892
documentation,mixed-64,rustyx,21103.154115979087,0.11338663231282206,147.125,148.1875,5.227208000000019,6.506417000000056,239.28155763893383,12746.747077141608
documentation,mixed-64,next,7576.83432515001,0.17665515332085321,243.890625,257.078125,22.552250000000186,32.71270799999999,133.84062927069593,13122.771877554249
