"site";"engine";"kind";"ok";"wall_ms";"sampled_peak_rss_mib";"samples";"output_bytes"
"boutique";"next";"cold";"true";"5359,867458";"964,09375";"33";"210107006"
"boutique";"next";"unchanged";"true";"2493,43775";"1008,265625";"16";"213244319"
"boutique";"next";"page-edit";"true";"2547,6099999999988";"984,40625";"16";"219345644"
"boutique";"next";"restored";"true";"2520,5028330000005";"1010,078125";"16";"219347054"
"boutique";"rustyx";"cold";"true";"680,0685000000012";"227,890625";"5";"5081835"
"boutique";"rustyx";"unchanged";"true";"672,9604999999992";"224,5";"5";"5081823"
"boutique";"rustyx";"page-edit";"true";"684,6793749999997";"222,046875";"5";"5081965"
"boutique";"rustyx";"restored";"true";"672,8293750000012";"226,390625";"5";"5081838"
"boutique-node";"next";"cold";"true";"3250,684250000002";"1011,71875";"20";"73216246"
"boutique-node";"next";"unchanged";"true";"2217,5985";"1012,265625";"14";"76540552"
"boutique-node";"next";"page-edit";"true";"2269,3472919999986";"1010,953125";"14";"82668651"
"boutique-node";"next";"restored";"true";"2216,011125000001";"1016,703125";"14";"82670061"
"boutique-node";"rustyx";"cold";"true";"540,7593750000015";"220,328125";"4";"4000894"
"boutique-node";"rustyx";"unchanged";"true";"548,0299159999995";"213,015625";"4";"4000901"
"boutique-node";"rustyx";"page-edit";"true";"561,695208000001";"227,578125";"4";"4001040"
"boutique-node";"rustyx";"restored";"true";"553,4176669999979";"211,46875";"4";"4000895"
"journal";"next";"cold";"true";"2423,509708000005";"892,578125";"15";"24454754"
"journal";"next";"unchanged";"true";"1801,4194169999973";"857,703125";"11";"25441556"
"journal";"next";"page-edit";"true";"1863,8812079999989";"936,0625";"12";"26078869"
"journal";"next";"restored";"true";"1867,9233339999992";"925,140625";"12";"26064726"
"journal";"rustyx";"cold";"true";"391,28670799999963";"178,484375";"3";"3949148"
"journal";"rustyx";"unchanged";"true";"393,6539170000033";"178,03125";"3";"3949165"
"journal";"rustyx";"page-edit";"true";"396,62454199999775";"177,15625";"3";"3949353"
"journal";"rustyx";"restored";"true";"395,64570800000365";"180,375";"3";"3949110"
"dashboard";"next";"cold";"true";"3318,2108329999974";"1053,328125";"21";"74842845"
"dashboard";"next";"unchanged";"true";"2332,5082089999996";"1048,8125";"15";"78069503"
"dashboard";"next";"page-edit";"true";"2376,055874999998";"1035,890625";"15";"84858153"
"dashboard";"next";"restored";"true";"2327,4552089999997";"1046,515625";"15";"84859673"
"dashboard";"rustyx";"cold";"true";"523,9823749999996";"211,671875";"4";"3954677"
"dashboard";"rustyx";"unchanged";"true";"537,4205409999995";"214,828125";"4";"3954674"
"dashboard";"rustyx";"page-edit";"true";"534,7527499999997";"220,25";"4";"3954806"
"dashboard";"rustyx";"restored";"true";"537,2270420000059";"219,578125";"4";"3954675"
"portail";"next";"cold";"true";"3519,5336249999964";"1259,78125";"22";"81070965"
"portail";"next";"unchanged";"true";"2398,7753749999974";"1275,46875";"15";"84280977"
"portail";"next";"page-edit";"true";"2442,297959000003";"1316,078125";"15";"92044203"
"portail";"next";"restored";"true";"2377,614292000013";"1264,34375";"15";"92045975"
"portail";"rustyx";"cold";"true";"516,7647500000021";"207,375";"4";"3941897"
"portail";"rustyx";"unchanged";"true";"518,5327499999985";"201,546875";"4";"3941895"
"portail";"rustyx";"page-edit";"true";"525,5445409999957";"218,5";"4";"3941910"
"portail";"rustyx";"restored";"true";"519,5800000000017";"212,296875";"4";"3941890"
"documentation";"next";"cold";"true";"2393,568916999997";"1055,03125";"15";"26085959"
"documentation";"next";"unchanged";"true";"1838,5016250000044";"1101,546875";"12";"26987018"
"documentation";"next";"page-edit";"true";"1929,847332999998";"1027,359375";"12";"27487985"
"documentation";"next";"restored";"true";"1860,2307500000024";"1082,6875";"12";"27478635"
"documentation";"rustyx";"cold";"true";"590,2619580000028";"186,96875";"4";"8409903"
"documentation";"rustyx";"unchanged";"true";"635,8764169999922";"190,25";"4";"8409867"
"documentation";"rustyx";"page-edit";"true";"715,921583000003";"198,140625";"5";"8410083"
"documentation";"rustyx";"restored";"true";"747,7611669999897";"192,84375";"5";"8409801"
