"project","scenario","engine","runs","requestsPerSecond","cpuMsPerRequest","loadMedianRssMiB","sampledPeakRssMiB","p50Ms","p95Ms","ttfbP95Ms","cpuPercentOneCore","requests","errors","attempts","failedRuns"
"portail","api-fast","before",3,15025.993994724804,0.11611851408228112,162.375,164.9375,0.23066599999992832,0.4685829999998532,0.4482500000001437,174.47960952767235,179734,0,179734,0
"portail","api-fast","next",3,6266.696411665788,0.20741095289378167,256.78125,268.5625,0.5035000000002583,1.3395000000000437,1.3286249999999882,129.97814742396434,75008,0,75008,0
"portail","api-fast","rustyx",3,16784.134166549175,0.12584892172048134,173.6875,176.59375,0.19883400000003348,0.4322500000000673,0.4095840000000024,212.47604109536806,201697,0,201697,0
"portail","api-async","before",3,30.131526543323425,1.8548387096774193,78.921875,79.21875,132.56920900000023,134.70224999999994,134.53437500000018,5.579665258137828,373,0,373,0
"portail","api-async","next",3,116.30517110062529,1.4957264957264957,126.34375,137.28125,33.99991699999987,36.73112500000025,36.55224999999996,17.396072600520878,1404,0,1404,0
"portail","api-async","rustyx",3,118.37745050188414,1.0924369747899159,81.90625,91.703125,33.59570799999983,35.54604199999994,35.45524999999998,12.903872469771743,1428,0,1428,0
"portail","stream","before",3,11.780552788469251,6.666666666666667,116.6875,118.703125,339.1114170000001,343.0104580000002,260.5177920000001,7.8537018589795,153,0,153,0
"portail","stream","next",3,46.81560503566577,4.25531914893617,137.078125,153.125,85.22554100000002,89.3887920000002,12.139624999999796,19.927964766610994,564,0,564,0
"portail","stream","rustyx",3,46.6835052894881,3.5106382978723403,130.328125,135.640625,85.69854199999963,87.53041600000006,7.129707999999937,16.369170091456883,564,0,564,0
"portail","proxy","before",3,2856.9257176492497,0.6762313008485696,354.171875,373.203125,1.2233750000000327,2.1567909999998847,2.0756670000000668,192.94756047083078,34237,0,34237,0
"portail","proxy","next",3,1180.7512064122411,1.180952380952381,264.703125,292.125,3.186749999999961,4.929875000000038,4.890000000000327,139.72676022605893,14120,0,14120,0
"portail","proxy","rustyx",3,3090.696772723872,0.6275270904091865,249.234375,254.359375,1.129874999999629,2.0969169999998485,2.0295000000000982,193.94959531244743,37006,0,37006,0
"portail","mixed","before",3,109.2530488583784,1.7995444191343963,135.765625,153.625,36.11024999999995,40.59725000000003,40.39308299999993,19.688300351527474,1319,0,1319,0
"portail","mixed","next",3,445.5980593607732,1.1328125,172.703125,220.125,1.9952920000000631,32.32045900000003,32.28004199999998,50.47790516196259,5376,0,5376,0
"portail","mixed","rustyx",3,464.77508060199835,0.9294871794871795,170.28125,187.265625,1.325333000000228,32.23370799999998,32.17795799999976,43.16068596581956,5607,0,5607,0
"portail","capacity-128","before",3,114.42649747744882,19.239302694136292,154.359375,170.015625,571.5653750000001,821.8361250000003,821.767625,220.14860211984606,1945,740447,742392,0
"portail","capacity-128","next",3,1942.823474357248,0.7553516819571865,350.84375,363.421875,73.13675000000057,113.16320799999994,113.1422079999993,146.46915199117774,29420,0,29420,0
"portail","capacity-128","rustyx",3,1947.6953606335137,0.5232793522267206,230.171875,253.96875,62.184040999999525,92.68429100000048,92.6567500000001,101.80582095961674,29681,0,29681,0
"portail","sustained","before",1,109.18925818781864,1.8671946390496497,180.25,193.515625,72.82929200000217,78.73612499999945,78.53529100000014,20.387759753010304,3283,0,3283,0
"portail","sustained","next",1,931.3313952902748,0.6300085861476817,296.765625,301.46875,1.6075410000012198,31.06829199999993,31.056000000000495,58.67467755817738,27952,0,27952,0
"portail","sustained","rustyx",1,966.0276407347593,0.5524137931034483,215.21875,222.21875,0.9504999999990105,31.495208999999704,31.46179200000006,53.364699326106354,29000,0,29000,0
"dashboard","ppr-html","before",3,969.0655773279015,1.7066254189224026,235.65625,251.328125,3.86391599999979,5.563290999999936,4.597041999999988,164.11223635244644,11572,0,11572,0
"dashboard","ppr-html","next",3,824.7672276580855,1.6964556195092397,257.078125,278.3125,4.716042000000016,6.693250000000035,1.827958000000308,140.4313773297717,9770,0,9770,0
"dashboard","ppr-html","rustyx",3,1222.3689138491968,1.6475878986099755,253.78125,266.875,3.0822919999999385,4.595125000000053,1.4820000000000846,201.39602300949565,14638,0,14638,0
"dashboard","ppr-flight","before",3,1275.0604712045565,1.289437585733882,215.390625,228.921875,2.9592910000000074,4.164250000000038,4.111083999999977,161.65296610973647,15185,0,15185,0
"dashboard","ppr-flight","next",3,1431.2132799501774,0.9351511973431218,247.15625,262.1875,2.5739999999998417,4.366792000000032,4.330874999999992,133.64650471474656,17190,0,17190,0
"dashboard","ppr-flight","rustyx",3,1531.031993839639,1.2763179370001632,224.46875,227.625,2.467624999999998,3.6382499999999993,3.600125000000048,195.6745572830904,18418,0,18418,0
"dashboard","static","before",3,6161.664906163365,0.21702973510202425,149.203125,149.671875,0.5702499999999873,0.9803340000000844,0.971791999999823,133.72468424571372,73946,0,73946,0
"dashboard","static","next",3,8511.156050473888,0.14332285823372198,235.9375,239.59375,0.33329200000025594,0.8911669999999958,0.8791670000000522,122.23188294310002,102133,0,102133,0
"dashboard","static","rustyx",3,27663.554949779875,0.09045398684305646,7.984375,7.984375,0.13324999999986176,0.20654199999989942,0.1992089999998825,250.2281076679742,330250,0,330250,0
"dashboard","mixed","before",3,1906.2166640896007,0.8437871385184207,204.921875,230.65625,1.9263329999999996,3.2539170000000013,2.477333999999999,159.66381311443723,22843,0,22843,0
"dashboard","mixed","next",3,1571.7115249802537,0.8876208590901886,252.078125,283.84375,1.182540999999901,6.590290999999979,1.916499999999985,139.43005261351058,18754,0,18754,0
"dashboard","mixed","rustyx",3,3137.3359173908734,0.740799745101163,250.140625,277.1875,0.43333400000005895,3.8168750000000387,0.9766660000000229,234.39766344512526,37588,0,37588,0
"dashboard","capacity-128","before",3,801.0196846851272,4.8600445875650236,199,207.328125,88.30966699999999,112.31120899999996,111.37554200000022,386.08495902956827,11964,602098,614062,0
"dashboard","capacity-128","next",3,1760.9863989650514,0.8471892319873319,369.46875,384.65625,34.25187500000004,172.81566699999996,45.65595799999983,149.14246789740517,26711,0,26711,0
"dashboard","capacity-128","rustyx",3,3072.464849308464,0.8700122084431022,288.015625,307.75,53.11045800000011,79.40183300000001,71.9292089999999,266.95986144368226,46904,0,46904,0
"journal","api-pages","before",3,19509.423630184217,0.08149144724197578,134.203125,134.703125,0.1835000000000946,0.277625000000171,0.2740000000000009,158.98477390896414,233752,0,233752,0
"journal","api-pages","next",3,12173.825790207717,0.1016406233958235,215.25,216.515625,0.224666999999954,0.6540839999997843,0.6509170000001632,123.73552424288658,146516,0,146516,0
"journal","api-pages","rustyx",3,27490.245511220503,0.07965808856960989,136.84375,137.359375,0.11829199999988305,0.23470799999995506,0.23166700000001583,218.98204117331235,329467,0,329467,0
"dashboard","sustained","before",1,2392.5401009070206,0.6128021174340044,261.421875,263.46875,3.2908750000024156,4.436375000001135,4.149792000000048,146.61536398815886,71785,0,71785,0
"dashboard","sustained","next",1,2071.111094483266,0.5955906018667525,447.609375,455.359375,1.8074169999999867,9.291332999999213,2.693000000000211,123.35343032961967,62140,0,62140,0
"dashboard","sustained","rustyx",1,3604.347890883149,0.6217055984020419,299.90625,304.28125,0.6424170000000231,6.818834000000038,1.7695420000000013,224.08432623506454,108138,0,108138,0
