"site","scenario","engine","n","requestsPerSecond_median","requestsPerSecond_min","requestsPerSecond_max","requestsPerSecond_sd","cpuMsPerRequest_median","cpuMsPerRequest_min","cpuMsPerRequest_max","cpuMsPerRequest_sd","loadMedianRssMiB_median","loadMedianRssMiB_min","loadMedianRssMiB_max","loadMedianRssMiB_sd","p95Ms_median","p95Ms_min","p95Ms_max","p95Ms_sd","requests","errors"
"portail","async-512","before","2","13560.074212097035","13470.451595578072","13649.696828616","126.74551977648272","0.18951076538390343","0.18906874233464074","0.18995278843316613","0.0006251149911488082","281.6328125","278.71875","284.546875","4.121106709102848","42.86160450000011","42.44054199999982","43.2826670000004","0.5954722981071303","163687","0"
"portail","async-512","rustyx","2","13640.538127469066","13562.85637239987","13718.21988253826","109.85859156780032","0.19048267765794036","0.18953395665724432","0.1914313986586364","0.0013416941060925144","279.6640625","275.375","283.953125","6.065650357365853","42.40174999999999","42.08024999999998","42.72325000000001","0.4546696603029706","164639","0"
"portail","async-512","next","2","5678.330282306437","5663.264589706055","5693.395974906819","21.306106802004397","0.24649555318521293","0.24611701506481373","0.2468740913056121","0.0005353337437437517","387.7421875","387.625","387.859375","0.16572815184059708","109.34477100000026","104.29641700000002","114.39312500000051","7.139450694460811","68642","0"
"portail","async-512","adaptive","2","13429.928586778311","13287.150463339372","13572.706710217248","201.91875857752552","0.19301803363098477","0.1904785162211993","0.19555755104077024","0.003591419962801211","275.2265625","268.890625","281.5625","8.960368742848281","43.427437499999996","42.87358300000005","43.98129199999994","0.7832685454812889","162080","0"
"portail","async-512","mimalloc","2","13637.466876603994","13596.940494477867","13677.993258730121","57.31295923668328","0.177698005444986","0.17700723294442627","0.17838877794554575","0.0009768998388059588","280.3984375","276.546875","284.25","5.4469319238276235","41.961500000000115","41.67045899999994","42.25254100000029","0.411594129406879","164663","0"
"portail","async-512","pgo","2","13683.925483718143","13665.16501414189","13702.685953294396","26.531310511224746","0.18312648428047384","0.18290912610084195","0.18334384246010574","0.00030739088552815124","275.5703125","274.921875","276.21875","0.9170291068513038","42.184312499999805","42.122249999999894","42.246374999999716","0.08776962921465416","165132","0"
"portail","mixed-128","before","2","5565.5870842964805","5169.787796306897","5961.386372286064","559.7447210524838","0.4190477940521373","0.39610840861709523","0.44198717948717947","0.03244118999474041","297.796875","294.921875","300.671875","4.065863991822648","37.5363540000001","35.594750000000204","39.477958","2.7458427095577074","67175","0"
"portail","mixed-128","rustyx","2","5852.548596685379","5793.127973239105","5911.969220131653","84.03345156238544","0.404888531873966","0.40263563717930745","0.4071414265686246","0.003186074231784565","297.109375","295.078125","299.140625","2.8726212985703494","35.95187550000014","35.88166700000011","36.02208400000018","0.09928981289392122","70616","0"
"portail","mixed-128","next","2","1983.1664156623403","1978.504733765566","1987.8280975591147","6.592613761887386","0.7318918307487237","0.7310574521232306","0.7327262093742167","0.0011799895683265221","359.2578125","357.5625","360.953125","2.3975339299606375","116.58533299999999","116.35708299999999","116.813583","0.3227942456116628","23979","0"
"portail","mixed-128","adaptive","2","5693.12436865129","5387.041467787081","5999.2072695154975","432.86658961266266","0.4121393067704947","0.39098118316708574","0.43329743037390367","0.029922105354307255","288.8046875","281.53125","296.078125","10.286193957573058","36.52902050000024","35.57941600000049","37.478624999999994","1.3429435627901694","68686","0"
"portail","mixed-128","mimalloc","2","5824.167206067146","5701.798791747968","5946.535620386325","173.05507113627235","0.39530043996077857","0.3899146538740447","0.4006862260475124","0.007616651727899324","349.8671875","304.5","395.234375","64.15889184922315","36.30733350000014","35.865542000000005","36.74912500000028","0.6247875310413452","70245","0"
"portail","mixed-128","pgo","2","5800.746653793223","5762.9479927597595","5838.545314826687","53.455379073067874","0.4035703167869935","0.39951161337952185","0.40762902019446523","0.005739873404496361","293.28125","292.140625","294.421875","1.6130873445818115","36.68539550000003","36.64625000000001","36.724541000000045","0.05536009700590119","69980","0"
"portail","api-fast","before","2","13077.398464051254","13023.33513430058","13131.461793801927","76.45709416045173","0.16140074486720712","0.16054318167396409","0.1622583080604502","0.0012127774984763038","174.390625","173.609375","175.171875","1.1048543456039805","0.5271880000002511","0.5162920000002487","0.5380840000002536","0.015409270975620722","156942","0"
"portail","api-fast","rustyx","2","13010.857681172936","12803.36441199516","13218.350950350714","293.4397953723431","0.16290904791641134","0.1598608151892989","0.16595728064352377","0.004310852063951935","173.640625","173.265625","174.015625","0.5303300858899106","0.5163544999999203","0.5061249999998836","0.5265839999999571","0.01446669763634755","156146","0"
"portail","api-fast","next","2","6837.545091444272","6759.250583784813","6915.8395991037305","110.72515459133075","0.18631806338106585","0.18409638554216867","0.18853974121996303","0.003141926930992139","263.5234375","259.8125","267.234375","5.248058141618907","1.187520999999947","1.1647499999999127","1.2102919999999813","0.032203057028846245","82075","0"
"portail","api-fast","adaptive","2","12853.238557445326","12722.470894172255","12984.006220718398","184.93340292061617","0.16486255803473554","0.1638902435894145","0.1658348724800566","0.0013750602754642961","178.703125","178.21875","179.1875","0.6850096942744679","0.5366869999999153","0.5160409999998592","0.5573329999999714","0.029197853208834286","154259","0"
"portail","api-fast","mimalloc","2","13329.142362133296","13329.137967354329","13329.146756912263","0.006215156019121122","0.1542154491105121","0.1541596859293341","0.1542712122916901","0.00007886104710300065","178.2890625","176.640625","179.9375","2.331242669224399","0.5014585000001262","0.49500000000011823","0.5079170000001341","0.00913369829259783","159971","0"
"portail","api-fast","pgo","2","13129.836800522253","13105.27866010791","13154.394940936596","34.730455240626895","0.15776969604019758","0.15747532717621274","0.1580640649041824","0.0004163004397877094","175.015625","174.734375","175.296875","0.397747564417433","0.5142084999999952","0.5131249999999454","0.5152920000000449","0.00153230039490161","157572","0"
"dashboard","ppr-html","before","2","1424.8248041909615","1423.1657635905633","1426.4838447913594","2.3462377176105154","1.3974924418589783","1.3932794754712563","1.4017054082467002","0.005958034203338369","272.8828125","272.40625","273.359375","0.6739611508184281","4.020207999999911","4.001832999999806","4.038583000000017","0.025986174208754823","17102","0"
"dashboard","ppr-html","rustyx","2","1406.3953344889014","1390.0016441909881","1422.7890247868145","23.184179156653027","1.379838606448661","1.3643283756880196","1.3953488372093024","0.02193477869723543","269.625","264.59375","274.65625","7.115261985689634","3.956062000000003","3.9385410000000434","3.9735829999999623","0.0247784358262817","16881","0"
"dashboard","ppr-html","next","2","866.8733193219716","865.1256468673406","868.6209917766025","2.471582087924979","1.5635902339830097","1.559685763556237","1.5674947044097824","0.005521755031426727","263.6328125","263.234375","264.03125","0.5634757162580301","6.501395499999944","6.433708000000024","6.569082999999864","0.09572458050301569","10412","0"
"dashboard","ppr-html","adaptive","2","1398.1483815139695","1353.278538938667","1443.0182240892723","63.455539911538715","1.388937354307549","1.3533487297921478","1.42452597882295","0.05032991545588389","265.6171875","264.890625","266.34375","1.027514541411702","4.040708500000022","3.824292000000014","4.2571250000000305","0.30605914942132856","16782","0"
"dashboard","ppr-html","mimalloc","2","1426.6223957681882","1418.1976187583502","1435.047172778026","11.914433907281722","1.356620221557686","1.3491234180889353","1.3641170250264363","0.010602081139952592","268.5","267.09375","269.90625","1.988737822087165","4.011603999999863","3.9837079999997513","4.039499999999975","0.03945090153611833","17124","0"
"dashboard","ppr-html","pgo","2","1442.5292930808453","1440.149493775931","1444.9090923857595","3.365544452735848","1.335195348060803","1.3271071140320534","1.3432835820895523","0.011438490259105085","272.4765625","271.328125","273.625","1.6241358880378514","3.9907084999999967","3.9869170000000054","3.994499999999988","0.0053619907217252695","17316","0"
"dashboard","ppr-flight","before","2","1875.2863595499057","1835.7425208048915","1914.8301982949197","55.923433061493625","0.9945430978248627","0.9815523842673164","1.007533811382409","0.01837164329798606","242.3984375","240.96875","243.828125","2.0218834524552842","2.987541500000134","2.904457999999977","3.070625000000291","0.11749781250964718","22509","0"
"dashboard","ppr-flight","rustyx","2","1923.240320490455","1885.5940853845916","1960.8865555963184","53.23981625899816","0.9586784517862204","0.9363582292463251","0.9809986743261158","0.03156556143110566","247.6484375","247.375","247.921875","0.3866990209613932","2.8499584999999854","2.740791999999999","2.959124999999972","0.15438474485678325","23084","0"
"dashboard","ppr-flight","next","2","1463.3281275129698","1456.3611184352085","1470.2951365907313","9.852838726946667","0.8629964230081932","0.8599592114208022","0.8660336345955841","0.004295265818685003","269.6875","268.328125","271.046875","1.922446561350926","4.2606044999999995","4.25320899999997","4.268000000000029","0.010458816400572144","17567","0"
"dashboard","ppr-flight","adaptive","2","1914.7737569816497","1853.6191501120302","1975.9283638512693","86.48567443661082","0.9851320657144789","0.9588463484567381","1.0114177829722197","0.037173617842601585","241.3203125","239.796875","242.84375","2.154465973927762","2.8522500000000086","2.7100840000000233","2.994415999999994","0.20105308530831273","22981","0"
"dashboard","ppr-flight","mimalloc","2","1901.3826760778888","1876.1519979269697","1926.6133542288078","35.68156722890026","0.9628290579017584","0.9539046960131454","0.9717534197903713","0.012620953618402006","253.0625","245.609375","260.515625","10.540310457061974","2.9549584999999965","2.8895419999999916","3.0203750000000014","0.09251290150298647","22821","0"
"dashboard","ppr-flight","pgo","2","1913.9873133807025","1901.2875715878406","1926.6870551735644","17.960147082101724","0.9624775985926238","0.9495805586785436","0.975374638506704","0.018239168760959355","243.6171875","243.546875","243.6875","0.09943689110435824","2.9275210000000698","2.9086670000001504","2.946374999999989","0.02666358250486824","22974","0"
"dashboard","mixed-64","before","2","3163.661513672224","3127.86917468009","3199.4538526643573","50.61801123173075","0.7234429909537495","0.7126591450160439","0.7342268368914552","0.015250661179645335","282.4375","280.484375","284.390625","2.7621358640099514","66.70514550000003","66.24750000000006","67.162791","0.6472084728589734","38199","0"
"dashboard","mixed-64","rustyx","2","3142.463954784671","3078.1630683698163","3206.764841199525","90.935185640499","0.7302783307235516","0.7190790832128846","0.7414775782342188","0.01583812771795852","283.2890625","281.84375","284.734375","2.043980539367364","67.16204200000004","65.29683399999999","69.0272500000001","2.6378024502468698","37970","0"
"dashboard","mixed-64","next","2","1720.7574213572814","1719.959599366887","1721.5552433476757","1.1282906791752128","0.8476783838569013","0.8473922683890871","0.8479644993247154","0.0004046283749874965","327.6796875","323.65625","331.703125","5.689999879860499","92.59993750000012","92.17200000000003","93.02787500000022","0.6051950163481753","20739","0"
"dashboard","mixed-64","adaptive","2","3142.439441377199","3094.588072684649","3190.290810069749","67.67205458311962","0.7321101794444596","0.7228853139595226","0.7413350449293966","0.013045929879865373","273.9921875","270.734375","277.25","4.607242621168599","68.66702149999995","66.64008399999994","70.69395899999995","2.866522502582619","37966","0"
"dashboard","mixed-64","mimalloc","2","3207.4739995919954","3202.5497853847423","3212.398213799248","6.963890515927212","0.7043466753599192","0.7033828382838284","0.7053105124360102","0.0013630714649257496","291.9765625","280.421875","303.53125","16.34079577148287","66.41741649999996","66.04654099999993","66.78829199999998","0.5244971620519385","38731","0"
"dashboard","mixed-64","pgo","2","3169.8392851955723","3151.448032717547","3188.2305376735976","26.009158683451183","0.7121546556476773","0.7112838831687329","0.7130254281266217","0.001231458249464416","269.75","266.78125","272.71875","4.198446513295126","67.14052099999998","66.30674999999997","67.97429199999999","1.179130256113396","38306","0"
"journal","api-pages","before","2","20321.97261239277","20296.881039580756","20347.06418520478","35.48484257202024","0.10902839559738","0.10887504002758824","0.10918175116717176","0.0002168775266649555","135.3046875","134.53125","136.078125","1.0938058021479407","0.3086874999999054","0.306999999999789","0.31037500000002183","0.0023864853866692338","243881","0"
"journal","api-pages","rustyx","2","19801.285135977727","19251.566961484306","20351.003310471147","777.4188978515749","0.11167081627287523","0.10916029284111568","0.11418133970463477","0.0035504162858497946","135.9375","135.328125","136.546875","0.8617863895711048","0.3269585000000461","0.31062500000007276","0.34329200000001947","0.02309905722098327","237632","0"
"journal","api-pages","next","2","13115.52023326025","13070.309764699883","13160.730701820614","63.937257799311126","0.0935857450620535","0.09319994934785361","0.09397154077625337","0.0005455975313268862","218.5234375","214.296875","222.75","5.977262009717535","0.5951460000000104","0.5950419999999994","0.5952500000000214","0.0001470782105023359","157398","0"
"journal","api-pages","adaptive","2","19922.320790901344","19682.989697005156","20161.65188479753","338.4652788855773","0.11139655353920049","0.11026707114457882","0.11252603593382215","0.0015973293209356055","135.3515625","134.03125","136.671875","1.867203844070727","0.31904199999996763","0.3133339999999407","0.32474999999999454","0.008072331014063688","239085","0"
"journal","api-pages","mimalloc","2","20961.87009863936","20771.28667430824","21152.45352297048","269.52566345257657","0.09982286786017609","0.09919321798871766","0.10045251773163452","0.0008904593877629866","140.53125","139.765625","141.296875","1.082757258691901","0.3083955000001879","0.3035829999998896","0.3132080000004862","0.0068059027693424","251560","0"
"journal","api-pages","pgo","2","20778.34554399473","20723.669509331998","20833.021578657463","77.32358975681774","0.10338682770167121","0.10319504663776138","0.10357860876558102","0.0002712193815876044","134.65625","134.328125","134.984375","0.4640388251536718","0.3040204999999787","0.3008330000002388","0.3072079999997186","0.004507805729696382","249356","0"
"portail","sustained-async","before","1","12810.593237040131","12810.593237040131","12810.593237040131","","0.2001481038805815","0.2001481038805815","0.2001481038805815","","287.75","287.75","287.75","","46.41141600000083","46.41141600000083","46.41141600000083","","384865","0"
"portail","sustained-async","rustyx","1","12657.497010302777","12657.497010302777","12657.497010302777","","0.20279814088552559","0.20279814088552559","0.20279814088552559","","286.671875","286.671875","286.671875","","47.319084000002476","47.319084000002476","47.319084000002476","","380181","0"
"portail","sustained-async","next","1","6043.213689929038","6043.213689929038","6043.213689929038","","0.2215078386471728","0.2215078386471728","0.2215078386471728","","396.140625","396.140625","396.140625","","105.47891700000037","105.47891700000037","105.47891700000037","","181664","0"
"dashboard","sustained-ppr","before","1","3950.70075014229","3950.70075014229","3950.70075014229","","0.5547364075256768","0.5547364075256768","0.5547364075256768","","326.265625","326.265625","326.265625","","49.36491699999988","49.36491699999988","49.36491699999988","","118687","0"
"dashboard","sustained-ppr","rustyx","1","3664.8052820761336","3664.8052820761336","3664.8052820761336","","0.5886520313535999","0.5886520313535999","0.5886520313535999","","317.78125","317.78125","317.78125","","53.68462499999987","53.68462499999987","53.68462499999987","","110099","0"
"dashboard","sustained-ppr","next","1","2091.2702902069445","2091.2702902069445","2091.2702902069445","","0.6246913973527866","0.6246913973527866","0.6246913973527866","","336.109375","336.109375","336.109375","","71.89358399999946","71.89358399999946","71.89358399999946","","62783","0"
