"Charge";"Moteur";"Valides";"RAM Mio";"Pic Mio";"CPU ms/rép.";"CPU % cœur";"Req/s";"p95 ms";"p99 ms";"Corps Kio";"CPU client %";"Erreurs"
"Sept pages HTML — 250 requêtes/s imposées · C64";"Next.js";"3/3";"168,53";"171,58";"1,9000";"47,5";"250";"4,19";"5,07";"15,35";"12,0";"0"
"Sept pages HTML — 250 requêtes/s imposées · C64";"Rustyx";"3/3";"9,03";"9,06";"0,2100";"5,3";"250";"1,70";"2,47";"24,71";"18,9";"0"
"Sept pages HTML · C4";"Next.js";"3/3";"188,13";"213,61";"1,1830";"222,9";"1 884";"3,93";"4,98";"15,35";"52,8";"0"
"Sept pages HTML · C4";"Rustyx";"3/3";"9,33";"9,52";"0,0855";"38,2";"4 459";"1,47";"1,87";"24,72";"107,4";"0"
"Sept pages HTML — forte concurrence · C64";"Next.js";"3/3";"290,63";"312,03";"1,1872";"291,0";"2 439";"39,27";"48,45";"15,35";"67,4";"0"
"Sept pages HTML — forte concurrence · C64";"Rustyx";"3/3";"13,50";"13,83";"0,0890";"38,6";"4 337";"16,75";"28,00";"24,72";"107,7";"0"
"Accueil HTML · C4";"Next.js";"3/3";"213,42";"262,81";"0,6936";"185,7";"2 670";"2,22";"3,13";"11,61";"53,8";"0"
"Accueil HTML · C4";"Rustyx";"3/3";"9,20";"9,25";"0,0739";"45,5";"6 149";"1,06";"1,28";"20,18";"105,7";"0"
"Article MDX HTML · C4";"Next.js";"3/3";"193,42";"254,34";"1,0012";"204,9";"2 047";"2,93";"3,69";"16,56";"50,5";"0"
"Article MDX HTML · C4";"Rustyx";"3/3";"9,17";"9,33";"0,0806";"42,5";"5 241";"1,29";"1,45";"25,35";"105,3";"0"
"Article Flight/RSC · C4";"Next.js";"3/3";"241,23";"282,20";"0,4628";"223,2";"4 823";"1,49";"2,20";"10,04";"51,8";"0"
"Article Flight/RSC · C4";"Rustyx";"3/3";"9,39";"9,48";"0,0784";"113,0";"14 483";"0,34";"0,54";"9,96";"107,8";"0"
"Image optimisée en cache · C4";"Next.js";"3/3";"291,38";"302,72";"0,0780";"127,5";"16 305";"0,38";"0,91";"2,62";"47,1";"0"
"Image optimisée en cache · C4";"Rustyx";"3/3";"10,61";"10,77";"0,0171";"75,0";"43 945";"0,13";"0,22";"2,62";"104,3";"0"
"Index de recherche JSON · C4";"Next.js";"3/3";"264,61";"273,41";"0,1916";"244,5";"12 763";"0,51";"1,07";"3,35";"73,4";"0"
"Index de recherche JSON · C4";"Rustyx";"3/3";"13,72";"14,11";"0,1273";"127,7";"10 037";"0,53";"0,63";"3,37";"53,1";"0"
