"site";"engine";"workers";"scenario";"kind";"repetition";"concurrency";"durationMs";"requests";"attempts";"errors";"requestsPerSecond";"cpuMsPerRequest";"cpuPercentOneCore";"loadMedianRssMiB";"sampledPeakRssMiB";"p50Ms";"p95Ms";"p99Ms";"ttfbP95Ms";"meanBodyBytes";"meanDecodedBytes";"clientCpuMs";"elapsedMs";"cpuValid";"reachedCap";"error"
"boutique";"next";"";"static";"route";"1";"4";"3000";"28878";"28878";"0";"9624,268433704303";"0,13020292264007202";"125,31078783408886";"245,515625";"255,234375";"0,2955420000000686";"0,8202919999998812";"1,165707999999995";"0,8083330000000615";"7531";"7531";"1294,716";"3000,53975";"true";"false";""
"boutique";"rustyx";"1";"static";"route";"1";"4";"3000";"87690";"87690";"0";"29227,159285737995";"0,08416010947656517";"245,9760925176718";"8,65625";"8,734375";"0,12591599999996106";"0,19737499999996544";"0,27175000000011096";"0,1899580000001606";"6323";"6323";"2687,838";"3000,291583";"true";"false";""
"boutique";"next";"";"runtime";"route";"1";"4";"3000";"1943";"1943";"0";"645,9979553257059";"1,6212043232115285";"104,72946779598423";"222,765625";"281,875";"6,097166999999899";"8,134957999999642";"9,642084000000068";"6,645582999999995";"5891";"5891";"251,178";"3007,749458";"true";"false";""
"boutique";"rustyx";"1";"runtime";"route";"1";"4";"3000";"8369";"8369";"0";"2788,4300369832854";"0,5890787429800454";"164,26048610739153";"247,1875";"271,8125";"1,2677920000000995";"2,178750000000001";"3,1451669999999012";"2,111791999999994";"4308";"4308";"819,437";"3001,330458";"true";"false";""
"boutique";"next";"";"api-get";"route";"1";"4";"3000";"18613";"18613";"0";"6203,066098621603";"0,21705259764680598";"134,63916100806574";"237,546875";"266,109375";"0,5299589999999625";"1,3719580000000065";"1,8800830000000133";"1,3681669999999713";"140";"140";"848,684";"3000,612875";"true";"false";""
"boutique";"rustyx";"1";"api-get";"route";"1";"4";"3000";"45891";"45891";"0";"15294,778219336746";"0,11810594669978863";"180,64042611580737";"160,765625";"169,578125";"0,22641699999996945";"0,43891700000000355";"0,7184170000000449";"0,4269999999999925";"140";"140";"1707,778";"3000,435792";"true";"false";""
"boutique";"next";"";"api-post";"route";"1";"4";"3000";"15987";"15987";"0";"5327,812785717583";"0,25958591355476324";"138,30251492292467";"236,796875";"262,5625";"0,6449999999999818";"1,577416000000028";"2,1579999999999018";"1,5739999999999554";"41";"41";"800,6";"3000,6684999999998";"true";"false";""
"boutique";"rustyx";"1";"api-post";"route";"1";"4";"3000";"39295";"39295";"0";"13096,581848863192";"0,11986257793612419";"156,9790062556194";"156,890625";"166,03125";"0,26470800000004147";"0,5637079999999983";"0,7970829999999296";"0,5487919999999917";"41";"41";"1553,853";"3000,401208";"true";"false";""
"boutique";"next";"";"mixed";"mixed";"1";"4";"10000";"21682";"21682";"0";"2167,0644764176986";"0,5755926575039203";"124,73464009636048";"334,421875";"347,359375";"0,9319579999992129";"5,47483299999999";"6,708250000000021";"4,385584000000108";"5053,687990037819";"5053,687990037819";"1239,31";"10005,239916";"true";"false";""
"boutique";"rustyx";"1";"mixed";"mixed";"1";"4";"10000";"89631";"89631";"0";"8962,479497071989";"0,21343062110207406";"191,28675656746788";"282,546875";"283,65625";"0,4302079999997659";"1,035916000000043";"1,544832999999926";"1,006958999999938";"3780,300074750923";"3780,300074750923";"4008,276";"10000,692334";"true";"false";""
"boutique";"rustyx";"1";"static";"route";"2";"4";"3000";"86526";"86526";"0";"28838,78487922895";"0,08482999329681253";"244,63939279932103";"8,734375";"8,75";"0,12616699999989578";"0,202666000000022";"0,3133749999999935";"0,19529099999999744";"6323";"6323";"2659,689";"3000,3344580000003";"true";"false";""
"boutique";"next";"";"static";"route";"2";"4";"3000";"29039";"29039";"0";"9678,196522806329";"0,12879231378490996";"124,64773234372973";"237,625";"242,21875";"0,29433400000004895";"0,8140829999999823";"1,1482910000000288";"0,8026250000000346";"7531";"7531";"1284,423";"3000,455708";"true";"false";""
"boutique";"rustyx";"1";"runtime";"route";"2";"4";"3000";"8426";"8426";"0";"2807,4285906581867";"0,5767861381438405";"161,928589492034";"243,3125";"267,984375";"1,2672090000000935";"2,1235829999999964";"3,2409169999996266";"2,05929100000003";"4308";"4308";"819,005";"3001,323";"true";"false";""
"boutique";"next";"";"runtime";"route";"2";"4";"3000";"1936";"1936";"0";"644,5465388109883";"1,6270661157024793";"104,87198332926721";"222,46875";"243,40625";"6,100708999999824";"8,448333000000048";"9,679499999999734";"6,8783750000000055";"5891";"5891";"250,691";"3003,662084";"true";"false";""
"boutique";"rustyx";"1";"api-get";"route";"2";"4";"3000";"45298";"45298";"0";"15097,158084472663";"0,11898980087421078";"179,64078342378838";"156,703125";"162,0625";"0,22887500000001637";"0,4485000000000099";"0,7245829999999387";"0,43558299999997985";"140";"140";"1692,12";"3000,43225";"true";"false";""
"boutique";"next";"";"api-get";"route";"2";"4";"3000";"19065";"19065";"0";"6353,488223480323";"0,2108575924468922";"133,9681230442743";"239,6875";"268,15625";"0,5159580000000688";"1,3313750000000368";"1,7836670000000368";"1,3262089999998352";"140";"140";"848,485";"3000,7138330000002";"true";"false";""
"boutique";"rustyx";"1";"api-post";"route";"2";"4";"3000";"38863";"38863";"0";"12952,440480951367";"0,1211949669351311";"156,97705958181547";"157,859375";"165,859375";"0,26508400000011534";"0,5623749999999887";"0,8060839999999985";"0,5456670000000017";"41";"41";"1560,649";"3000,438416";"true";"false";""
"boutique";"next";"";"api-post";"route";"2";"4";"3000";"15847";"15847";"0";"5281,038598703551";"0,26251025430680885";"138,63267855497426";"242,28125";"265,71875";"0,6607500000000073";"1,6108330000000137";"2,1976669999999103";"1,6031659999998737";"41";"41";"797,83";"3000,7355000000002";"true";"false";""
"boutique";"rustyx";"1";"mixed";"mixed";"2";"4";"10000";"90046";"90046";"0";"9003,974673958894";"0,21111431934788885";"190,08679847184615";"279,0625";"280,3125";"0,43237499999941065";"1,027417000000014";"1,5617079999999532";"0,9940839999999298";"3780,3425804588765";"3780,3425804588765";"4034,581";"10000,6945";"true";"false";""
"boutique";"next";"";"mixed";"mixed";"2";"4";"10000";"21809";"21809";"0";"2179,5961200474285";"0,572240818010913";"124,72538666693524";"323,125";"338,109375";"0,9112079999999878";"5,509833999999955";"6,664667000000009";"4,40729199999987";"5053,613599889954";"5053,613599889954";"1246,715";"10005,982209000002";"true";"false";""
"boutique";"next";"";"static";"route";"3";"4";"3000";"28735";"28735";"0";"9576,84227326016";"0,13015486340699498";"124,64725979465113";"236,125";"246,46875";"0,29941600000006474";"0,824292000000014";"1,1627499999999955";"0,8120420000000195";"7531";"7531";"1304,713";"3000,467083";"true";"false";""
"boutique";"rustyx";"1";"static";"route";"3";"4";"3000";"87484";"87484";"0";"29158,15630921881";"0,08447258927346715";"246,30649618801954";"8,609375";"8,671875";"0,126041999999984";"0,19816600000001472";"0,2752500000001419";"0,19087499999977808";"6323";"6323";"2676,058";"3000,3268749999997";"true";"false";""
"boutique";"next";"";"runtime";"route";"3";"4";"3000";"1943";"1943";"0";"646,677169762284";"1,610910962429233";"104,17393419227737";"224,4375";"255,734375";"6,045667000000321";"8,17204199999992";"9,381208000000015";"6,585334000000017";"5891";"5891";"248,67";"3004,590375";"true";"false";""
"boutique";"rustyx";"1";"runtime";"route";"3";"4";"3000";"8344";"8344";"0";"2780,3185939686823";"0,5812559923298178";"161,60768433303102";"236,34375";"262,34375";"1,2647910000000593";"2,1575000000000273";"3,4765409999999974";"2,1009169999999813";"4308";"4308";"823,257";"3001,0949170000004";"true";"false";""
"boutique";"next";"";"api-get";"route";"3";"4";"3000";"18736";"18736";"0";"6243,919605869238";"0,21562766865926558";"134,6361827909464";"241,546875";"272,21875";"0,5302910000000338";"1,3563749999999857";"1,816167";"1,3509169999999813";"140";"140";"841,439";"3000,67925";"true";"false";""
"boutique";"rustyx";"1";"api-get";"route";"3";"4";"3000";"45112";"45112";"0";"15035,255130298712";"0,11970207483596382";"179,97512347848254";"160,609375";"168,203125";"0,23033399999985704";"0,45087499999999636";"0,7139999999999986";"0,4367920000000254";"140";"140";"1707,333";"3000,414666";"true";"false";""
"boutique";"next";"";"api-post";"route";"3";"4";"3000";"15752";"15752";"0";"5249,427219156524";"0,2634586084306755";"138,30067902170885";"240,875";"262,703125";"0,6517920000000004";"1,612999999999829";"2,2713750000000346";"1,6079580000000533";"41";"41";"793,359";"3000,708333";"true";"false";""
"boutique";"rustyx";"1";"api-post";"route";"3";"4";"3000";"39083";"39083";"0";"13025,737954331593";"0,12051275490622522";"156,97675655630786";"162,765625";"167,484375";"0,26608299999998053";"0,5652499999999989";"0,7816249999999911";"0,548957999999999";"41";"41";"1578,514";"3000,4442080000003";"true";"false";""
"boutique";"next";"";"mixed";"mixed";"3";"4";"10000";"21579";"21579";"0";"2156,7689004513404";"0,5774132258214004";"124,53468881608832";"332,46875";"350,59375";"0,9337500000000318";"5,519624999999905";"6,687375000000429";"4,422875000000204";"5053,461189119051";"5053,461189119051";"1247,769";"10005,244417";"true";"false";""
"boutique";"rustyx";"1";"mixed";"mixed";"3";"4";"10000";"89131";"89131";"0";"8912,472339135516";"0,21260840784912097";"189,48665540229328";"281,578125";"282,8125";"0,43783299999995506";"1,053957999999966";"1,5862079999999423";"1,021082999999976";"3780,2975507960196";"3780,2975507960196";"3995,5";"10000,70425";"true";"false";""
"boutique";"next";"";"capacity-1";"capacity";"1";"1";"4000";"2012";"2012";"0";"502,3729234225759";"1,1978131212723657";"60,17488794475189";"167,640625";"182,625";"0,5027909999998883";"7,239041999999927";"7,708082999999988";"5,7524999999996";"5053,5";"5053,5";"300,565";"4004,992917";"true";"false";""
"boutique";"rustyx";"1";"capacity-1";"capacity";"1";"1";"4000";"14570";"14570";"0";"3642,1542985509827";"0,28894989704873025";"105,2400109601897";"218,75";"258";"0,19525000000021464";"0,5905829999999241";"0,7849160000000097";"0,5375420000000304";"3779,9635552505147";"3779,9635552505147";"1054,256";"4000,379667";"true";"false";""
"boutique";"rustyx";"1";"capacity-16";"capacity";"1";"16";"4000";"31528";"31528";"0";"7876,113261023814";"0,2470819588936818";"194,6045493002268";"262,1875";"288,609375";"2,690207999999984";"5,249459000000002";"7,207042000000001";"5,211999999999989";"3779,75";"3779,75";"1662,482";"4002,989667";"true";"false";""
"boutique";"next";"";"capacity-16";"capacity";"1";"16";"4000";"7664";"7664";"0";"1911,9276338124778";"0,7163361169102297";"136,9582817018594";"261,8125";"311,625";"4,418374999999969";"23,135042000000112";"29,295916999999974";"18,37700000000018";"5053,5";"5053,5";"641,031";"4008,519917";"true";"false";""
"boutique";"next";"";"capacity-128";"capacity";"1";"128";"4000";"7678";"7678";"0";"1895,5160749100012";"0,7801510810106799";"147,87889149141583";"374,4375";"414,96875";"35,36529100000007";"181,49591699999996";"210,35895899999997";"142,96495800000002";"5054,0308674133885";"5054,0308674133885";"651,801";"4050,6119160000003";"true";"false";""
"boutique";"rustyx";"1";"capacity-128";"capacity";"1";"128";"4000";"73800";"127776";"53976";"18391,149471139197";"0,2577235772357724";"473,9832831179777";"229,125";"263,046875";"1,6439159999999902";"32,655666999999994";"46,17762500000026";"32,37774999999999";"4863,379837398374";"4863,379837398374";"4081,645";"4012,7997499999997";"true";"false";""
"boutique";"next";"";"image-hot";"route";"1";"4";"3000";"50519";"50519";"0";"16837,763999334744";"0,07660484174271066";"128,9854246470149";"215,984375";"216,90625";"0,20262500000001182";"0,36958299999997735";"0,8609590000000935";"0,363749999999996";"2254";"2254";"1446,205";"3000,339";"true";"false";""
"boutique";"rustyx";"1";"image-hot";"route";"1";"4";"3000";"90553";"90553";"0";"30180,182300759385";"0,07752366017691296";"233,96781967613538";"14,296875";"14,3125";"0,12091699999996308";"0,19524999999998727";"0,2870420000001559";"0,19179200000007768";"2254";"2254";"2689,871";"3000,412625";"true";"false";""
"boutique";"rustyx";"1";"image-hot";"route";"2";"4";"3000";"90182";"90182";"0";"30057,207583027317";"0,07739903750194052";"232,63989369223424";"14,109375";"14,25";"0,12070900000003348";"0,19666700000016135";"0,30133299999988594";"0,19316699999990306";"2254";"2254";"2686,756";"3000,3452500000003";"true";"false";""
"boutique";"next";"";"image-hot";"route";"2";"4";"3000";"50759";"50759";"0";"16918,19361082777";"0,0762426367737741";"128,98876903387273";"218,25";"221,6875";"0,20183300000007875";"0,36129199999999173";"0,8493339999999989";"0,35599999999999454";"2254";"2254";"1432,39";"3000,261208";"true";"false";""
"boutique";"next";"";"image-hot";"route";"3";"4";"3000";"50466";"50466";"0";"16816,89653716844";"0,07668529306860064";"128,96086394570972";"214,546875";"216,84375";"0,20137499999998454";"0,3685419999999908";"0,8510000000001128";"0,3627089999999953";"2254";"2254";"1448,314";"3000,910417";"true";"false";""
"boutique";"rustyx";"1";"image-hot";"route";"3";"4";"3000";"90043";"90043";"0";"30010,936685515622";"0,07762957697988739";"232,97363196667615";"14,28125";"14,3125";"0,12066700000013952";"0,19754199999988487";"0,2898750000003929";"0,19387499999993452";"2254";"2254";"2680,689";"3000,339541";"true";"false";""
"boutique-node";"next";"";"static";"route";"1";"4";"3000";"28875";"28875";"0";"9623,263401925262";"0,1295238095238095";"124,64417358684146";"226,09375";"230,953125";"0,2972909999999729";"0,8197499999999991";"1,134791000000007";"0,8061250000000086";"7531";"7531";"1285,348";"3000,541375";"true";"false";""
"boutique-node";"rustyx";"1";"static";"route";"1";"4";"3000";"83610";"83610";"0";"27866,99927222937";"0,08695132161224733";"242,30724160878785";"8,671875";"8,8125";"0,1289999999999054";"0,2179590000000644";"0,3318339999998443";"0,21029200000020865";"6323";"6323";"2646,323";"3000,3230409999996";"true";"false";""
"boutique-node";"next";"";"runtime";"route";"1";"4";"3000";"30443";"30443";"0";"10146,06485667742";"0,12383799231350393";"125,64683017335307";"236,84375";"240,625";"0,2792090000000371";"0,7843750000000114";"1,1182080000000951";"0,7743749999999636";"5872";"5872";"1279,453";"3000,4736249999996";"true";"false";""
"boutique-node";"rustyx";"1";"runtime";"route";"1";"4";"3000";"85244";"85244";"0";"28411,708695262692";"0,0900943174886209";"255,9733503585208";"8,765625";"8,828125";"0,12875000000030923";"0,20012499999984357";"0,2960410000000593";"0,19487499999991087";"4009";"4009";"2510,125";"3000,3123330000003";"true";"false";""
"boutique-node";"next";"";"mixed";"mixed";"1";"4";"10000";"73437";"73437";"0";"7343,243709194019";"0,16149897190789383";"118,59263095039431";"264,875";"265,515625";"0,41162499999995816";"0,951334000000088";"1,4359169999997903";"0,9425830000000133";"5049,033797676921";"5049,033797676921";"2883,914";"10000,621375";"true";"false";""
"boutique-node";"rustyx";"1";"mixed";"mixed";"1";"4";"10000";"261046";"261046";"0";"26103,704426277433";"0,10542203289841637";"275,19055867975567";"163,9375";"164,84375";"0,13845799999944575";"0,22837499999968713";"0,34916700000030687";"0,2211250000000291";"3705,0124920512094";"3705,0124920512094";"7912,516";"10000,343083";"true";"false";""
"boutique-node";"rustyx";"1";"static";"route";"2";"4";"3000";"83334";"83334";"0";"27775,158443898625";"0,0885592915256678";"245,9748353804832";"8,734375";"8,734375";"0,13200000000006185";"0,21083299999986593";"0,30787500000019463";"0,20299999999997453";"6323";"6323";"2692,517";"3000,306917";"true";"false";""
"boutique-node";"next";"";"static";"route";"2";"4";"3000";"28817";"28817";"0";"9603,98863536299";"0,12978450220356041";"124,64488842092372";"224,546875";"230,9375";"0,2984160000000884";"0,8332909999999174";"1,1747080000000025";"0,823332999999991";"7531";"7531";"1293,459";"3000,5241669999996";"true";"false";""
"boutique-node";"rustyx";"1";"runtime";"route";"2";"4";"3000";"84653";"84653";"0";"28214,592451697452";"0,09202272807815434";"259,6383769018501";"8,65625";"8,671875";"0,13104199999997945";"0,19933399999990797";"0,2836660000000393";"0,194041000000027";"4009";"4009";"2515,739";"3000,3268749999997";"true";"false";""
"boutique-node";"next";"";"runtime";"route";"2";"4";"3000";"28877";"28877";"0";"9623,97231180533";"0,13055372788031996";"125,64454623231669";"224,5";"231,921875";"0,29683399999998983";"0,889708000000013";"1,3025410000000193";"0,8790409999999724";"5872";"5872";"1286,247";"3000,528167";"true";"false";""
"boutique-node";"rustyx";"1";"mixed";"mixed";"2";"4";"10000";"254641";"254641";"0";"25463,212500098878";"0,10823080336630786";"275,5903945172714";"163,625";"164,28125";"0,14212499999985084";"0,23208399999975882";"0,3497909999996409";"0,22483400000055553";"3705,0102811409";"3705,0102811409";"7921,906";"10000,348542";"true";"false";""
"boutique-node";"next";"";"mixed";"mixed";"2";"4";"10000";"73379";"73379";"0";"7337,454647320217";"0,16149034464901402";"118,49280798422515";"254,171875";"255,296875";"0,4094999999997526";"0,9383329999991474";"1,4197080000000142";"0,9291250000005675";"5048,988784257076";"5048,988784257076";"2877,905";"10000,606958";"true";"false";""
"boutique-node";"next";"";"static";"route";"3";"4";"3000";"28996";"28996";"0";"9663,625825410529";"0,12967305835287626";"125,31119155588216";"231,125";"237,40625";"0,29629099999999653";"0,8079999999999927";"1,1458329999998114";"0,7953749999996944";"7531";"7531";"1307,678";"3000,530083";"true";"false";""
"boutique-node";"rustyx";"1";"static";"route";"3";"4";"3000";"84964";"84964";"0";"28317,823886540526";"0,08686031731086107";"245,9695168337991";"8,671875";"8,78125";"0,12941599999999198";"0,20604200000002493";"0,2907919999998967";"0,19841599999995196";"6323";"6323";"2664,014";"3000,371792";"true";"false";""
"boutique-node";"next";"";"runtime";"route";"3";"4";"3000";"30541";"30541";"0";"10178,566927864395";"0,12409547820961987";"126,31141304019535";"230,03125";"234,109375";"0,2777919999999767";"0,7842499999999859";"1,1066250000000082";"0,7756250000000477";"5872";"5872";"1267,118";"3000,5206249999997";"true";"false";""
"boutique-node";"rustyx";"1";"runtime";"route";"3";"4";"3000";"84370";"84370";"0";"28120,709511785193";"0,09162024416261705";"257,6426271495787";"8,75";"8,75";"0,1312910000001466";"0,20224999999993543";"0,28129200000000765";"0,19691600000004428";"4009";"4009";"2519,992";"3000,2799170000003";"true";"false";""
"boutique-node";"next";"";"mixed";"mixed";"3";"4";"10000";"73606";"73606";"0";"7360,150478809507";"0,16085645191968045";"118,39276916162346";"259,125";"259,953125";"0,4095839999999953";"0,9454579999996895";"1,4174590000002354";"0,9358750000001237";"5049,055511778931";"5049,055511778931";"2861,428";"10000,61075";"true";"false";""
"boutique-node";"rustyx";"1";"mixed";"mixed";"3";"4";"10000";"259907";"259907";"0";"25989,79555511468";"0,10619183015463224";"275,9903955342354";"163,921875";"164,796875";"0,14041699999961565";"0,2224579999992784";"0,3287909999999954";"0,21554199999991397";"3704,998830350856";"3704,998830350856";"7941,122";"10000,348";"true";"false";""
"boutique-node";"next";"";"capacity-1";"capacity";"1";"1";"4000";"19051";"19051";"0";"4762,4510573752905";"0,224660122828198";"106,99328395132142";"219,671875";"251,4375";"0,17162499999994907";"0,34583400000002484";"0,6453750000000582";"0,33474999999999966";"5048,95680016797";"5048,95680016797";"1033,446";"4000,251083";"true";"false";""
"boutique-node";"rustyx";"1";"capacity-1";"capacity";"1";"1";"4000";"35407";"35407";"0";"8851,301626251996";"0,09913293981416105";"87,74555513922247";"120,6875";"126,484375";"0,09991700000000492";"0,16020900000000893";"0,23104100000000471";"0,14850000000001273";"3704,99141412715";"3704,99141412715";"1466,693";"4000,202625";"true";"false";""
"boutique-node";"rustyx";"1";"capacity-16";"capacity";"1";"16";"4000";"113782";"113782";"0";"28439,047002491094";"0,1701499358422246";"483,89020228878695";"151,671875";"168,984375";"0,3343330000000151";"1,4860829999997804";"2,131958000000054";"1,4768330000001697";"3705,0286600692552";"3705,0286600692552";"3626,284";"4000,907625";"true";"false";""
"boutique-node";"next";"";"capacity-16";"capacity";"1";"16";"4000";"25958";"25958";"0";"6486,145717308413";"0,19801217351105632";"128,43358111936683";"244,765625";"266,078125";"2,1252910000002885";"4,163875000000189";"5,948208000000022";"4,153917000000092";"5049,157408120811";"5049,157408120811";"1216,527";"4002,068583";"true";"false";""
"boutique-node";"next";"";"capacity-128";"capacity";"1";"128";"4000";"25455";"25455";"0";"6338,40470035475";"0,2023178157532901";"128,23721943361605";"258,9375";"281,421875";"18,32029199999988";"30,008624999999938";"37,07437500000003";"30,001124999999774";"5048,967668434492";"5048,967668434492";"1238,21";"4015,99475";"true";"false";""
"boutique-node";"rustyx";"1";"capacity-128";"capacity";"1";"128";"4000";"114398";"121365";"6967";"28581,777804363406";"0,16704837497159042";"477,4539536017978";"157,03125";"172,765625";"2,6766249999999445";"14,761207999999897";"19,91475000000014";"14,579999999999927";"3922,136427210266";"3922,136427210266";"4022,825";"4002,480209";"true";"false";""
"journal";"next";"";"static";"route";"1";"4";"3000";"43158";"43158";"0";"14383,77371306683";"0,10751193289772464";"154,64273142552966";"200,3125";"201,96875";"0,24195800000006784";"0,45529200000001424";"0,8322919999999385";"0,4479170000000181";"2150";"2150";"1384,809";"3000,464333";"true";"false";""
"journal";"rustyx";"1";"static";"route";"1";"4";"3000";"101303";"101303";"0";"33764,228815398164";"0,07215975834871623";"243,64185921498927";"8,640625";"8,640625";"0,10854199999999992";"0,17595900000014808";"0,24679199999991397";"0,1725420000000213";"1840";"1840";"2626,741";"3000,3054580000003";"true";"false";""
"journal";"next";"";"isr-hit";"route";"1";"4";"3000";"22777";"22777";"0";"7590,765420251698";"0,16332265004170873";"123,97439242804722";"201,03125";"226,0625";"0,391791000000012";"1,0147910000000593";"1,3706669999999122";"1,0071660000000975";"1987";"1987";"937,957";"3000,619666";"true";"false";""
"journal";"rustyx";"1";"isr-hit";"route";"1";"4";"3000";"93515";"93515";"0";"31167,863325030128";"0,08009410255039298";"249,63620414315957";"85,9375";"85,953125";"0,11737499999981083";"0,1822920000000181";"0,26849999999999596";"0,17891700000001265";"1693";"1693";"2552,598";"3000,366083";"true";"false";""
"journal";"next";"";"ssr";"route";"1";"4";"3000";"12427";"12427";"0";"4141,093765932731";"0,32187977790295325";"133,29343416537316";"187,34375";"222,390625";"0,8422080000000278";"1,884458000000052";"2,438291000000163";"1,8647080000000074";"1805,4239156674982";"1805,4239156674982";"818,716";"3000,898";"true";"false";""
"journal";"rustyx";"1";"ssr";"route";"1";"4";"3000";"38792";"38792";"0";"12928,81622984377";"0,11290987832542793";"145,9791067403478";"105,015625";"117,84375";"0,27912500000002183";"0,4480830000000253";"0,6412499999999994";"0,430499999999995";"1488,5680037121056";"1488,5680037121056";"1879,402";"3000,429375";"true";"false";""
"journal";"next";"";"api-pages";"route";"1";"4";"3000";"35627";"35627";"0";"11873,842052937865";"0,10750273668846662";"127,64705156974213";"218,109375";"218,40625";"0,2303749999999809";"0,6860419999998157";"1,0614170000000058";"0,6831659999999715";"35";"35";"1267,873";"3000,461";"true";"false";""
"journal";"rustyx";"1";"api-pages";"route";"1";"4";"3000";"57687";"57687";"0";"19226,720832467985";"0,08303430582280237";"159,6477417572792";"130,359375";"130,890625";"0,18508299999996325";"0,2882910000000152";"0,7488749999997708";"0,28404199999999946";"35";"35";"1861,057";"3000,355625";"true";"false";""
"journal";"next";"";"mixed";"mixed";"1";"4";"10000";"68757";"68757";"0";"6875,311315962781";"0,1797635149875649";"123,593012879125";"247,203125";"250,390625";"0,3890830000000278";"1,486417000000074";"2,053291000000172";"1,482582999999977";"1495,0979682068735";"1495,0979682068735";"2659,648";"10000,565333";"true";"false";""
"journal";"rustyx";"1";"mixed";"mixed";"1";"4";"10000";"256157";"256157";"0";"25614,790139600926";"0,0847136716935317";"216,9922922384866";"227,390625";"230,015625";"0,13833400000021356";"0,2502500000009604";"0,46100000000001273";"0,2421250000006694";"1265,2100547710975";"1265,2100547710975";"7835,007";"10000,355209000001";"true";"false";""
"journal";"rustyx";"1";"static";"route";"2";"4";"3000";"99740";"99740";"0";"33243,19736226568";"0,07248847002205736";"240,97485154319315";"8,65625";"8,671875";"0,10941699999966659";"0,1772499999997308";"0,2567500000000109";"0,17387499999998113";"1840";"1840";"2645,237";"3000,313084";"true";"false";""
"journal";"next";"";"static";"route";"2";"4";"3000";"43178";"43178";"0";"14391,016698226169";"0,10746213349390893";"154,6489357537853";"198,796875";"200,21875";"0,24337500000001455";"0,44899999999998386";"0,8427910000000338";"0,44266700000000014";"2150";"2150";"1367,957";"3000,3439580000004";"true";"false";""
"journal";"rustyx";"1";"isr-hit";"route";"2";"4";"3000";"93355";"93355";"0";"31114,763775031945";"0,08055272883080714";"250,63791290047692";"80,5625";"80,578125";"0,11883299999999508";"0,18258300000002237";"0,2499580000003334";"0,17891700000018318";"1693";"1693";"2563,577";"3000,344167";"true";"false";""
"journal";"next";"";"isr-hit";"route";"2";"4";"3000";"27617";"27617";"0";"9204,191437271484";"0,13614802476735344";"125,31324837651005";"211,015625";"219,40625";"0,307166000000052";"0,8643749999999955";"1,2369159999999937";"0,8582499999999982";"1987";"1987";"1071,666";"3000,480834";"true";"false";""
"journal";"rustyx";"1";"ssr";"route";"2";"4";"3000";"38162";"38162";"0";"12718,59654125876";"0,11424977726534248";"145,30968219665687";"105,5";"118,28125";"0,2829580000000078";"0,4574170000000777";"0,6404999999999745";"0,43975000000000364";"1488,544363502961";"1488,544363502961";"1851,859";"3000,4882909999997";"true";"false";""
"journal";"next";"";"ssr";"route";"2";"4";"3000";"12509";"12509";"0";"4168,49144248479";"0,318970341354225";"132,96251383415392";"186,15625";"218,5";"0,834833000000117";"1,861500000000035";"2,431583000000046";"1,8453329999999823";"1805,4473579023104";"1805,4473579023104";"818,143";"3000,8457909999997";"true";"false";""
"journal";"rustyx";"1";"api-pages";"route";"2";"4";"3000";"58207";"58207";"0";"19400,222479193002";"0,08212070713144468";"159,31599884986778";"135,625";"135,984375";"0,1844580000000633";"0,2770840000000021";"0,7480410000000575";"0,27291700000000674";"35";"35";"1890,852";"3000,326417";"true";"false";""
"journal";"next";"";"api-pages";"route";"2";"4";"3000";"35524";"35524";"0";"11839,713100168143";"0,1066884359869384";"126,3160473191005";"208,328125";"212,40625";"0,23550000000000182";"0,6878750000000764";"1,0451659999999947";"0,684791000000132";"35";"35";"1277,117";"3000,410542";"true";"false";""
"journal";"rustyx";"1";"mixed";"mixed";"2";"4";"10000";"254145";"254145";"0";"25413,55006437079";"0,08546302307737709";"217,19188156293987";"225,828125";"228,78125";"0,13925000000017462";"0,25329199999998764";"0,46299999999973807";"0,2448340000000826";"1265,2057801648666";"1265,2057801648666";"7817,886";"10000,373791";"true";"false";""
"journal";"next";"";"mixed";"mixed";"2";"4";"10000";"68693";"68693";"0";"6869,045015553787";"0,17978542209541";"123,495415751371";"249,6875";"250,9375";"0,3874999999998181";"1,4820840000002136";"2,0662080000000174";"1,4767499999998108";"1495,0978265616584";"1495,0978265616584";"2663,879";"10000,371207999999";"true";"false";""
"journal";"next";"";"static";"route";"3";"4";"3000";"42935";"42935";"0";"14309,962989252994";"0,10807033888436007";"154,64825496712214";"201,671875";"203,296875";"0,24354199999993398";"0,4612079999999992";"0,8434589999999957";"0,45308299999999235";"2150";"2150";"1381,582";"3000,357166";"true";"false";""
"journal";"rustyx";"1";"static";"route";"3";"4";"3000";"101101";"101101";"0";"33697,37030109784";"0,07111700181007112";"239,6455944697812";"8,609375";"8,671875";"0,10833299999967494";"0,17695800000001327";"0,2554169999998521";"0,17337500000007822";"1840";"1840";"2647,435";"3000,263792";"true";"false";""
"journal";"next";"";"isr-hit";"route";"3";"4";"3000";"27570";"27570";"0";"9187,719402851812";"0,13565469713456657";"124,63572929512435";"214,28125";"219,4375";"0,3036250000000109";"0,8738329999999905";"1,2615409999999656";"0,8683330000000069";"1987";"1987";"1072,26";"3000,744667";"true";"false";""
"journal";"rustyx";"1";"isr-hit";"route";"3";"4";"3000";"92705";"92705";"0";"30898,368698385275";"0,08090178523272747";"249,97331884783944";"81,84375";"81,84375";"0,1183330000000069";"0,19054199999982302";"0,2749170000000163";"0,18658300000004147";"1693";"1693";"2543,166";"3000,320208";"true";"false";""
"journal";"next";"";"ssr";"route";"3";"4";"3000";"12427";"12427";"0";"4141,259942223449";"0,32027037901343847";"132,63228912890742";"182,015625";"215,03125";"0,8377499999999145";"1,885832999999991";"2,516208000000006";"1,8687079999999696";"1805,4239156674982";"1805,4239156674982";"824,474";"3000,777583";"true";"false";""
"journal";"rustyx";"1";"ssr";"route";"3";"4";"3000";"38806";"38806";"0";"12933,359379358059";"0,11312683605627996";"146,31100261655897";"101,734375";"114,5";"0,2790419999998903";"0,44341600000001336";"0,6417909999999978";"0,42604199999999537";"1488,5685203319074";"1488,5685203319074";"1880,411";"3000,457875";"true";"false";""
"journal";"next";"";"api-pages";"route";"3";"4";"3000";"35715";"35715";"0";"11903,273862611844";"0,10695786084278315";"127,31487093707754";"226,140625";"226,390625";"0,23291700000004312";"0,6932500000000061";"1,0420419999999808";"0,6899579999999332";"35";"35";"1252,935";"3000,435041";"true";"false";""
"journal";"rustyx";"1";"api-pages";"route";"3";"4";"3000";"57680";"57680";"0";"19224,362678064666";"0,08304438280166436";"159,64753333552315";"131,3125";"131,515625";"0,18483399999968242";"0,2867920000000055";"0,7464170000002923";"0,28220799999999713";"35";"35";"1884,026";"3000,359542";"true";"false";""
"journal";"next";"";"mixed";"mixed";"3";"4";"10000";"68931";"68931";"0";"6892,291821577897";"0,17901959930945438";"123,38553202227045";"244,390625";"248,75";"0,388292000000547";"1,4902910000000702";"2,036207999999533";"1,4864590000006501";"1495,1100375738056";"1495,1100375738056";"2633,131";"10001,172583000001";"true";"false";""
"journal";"rustyx";"1";"mixed";"mixed";"3";"4";"10000";"255661";"255661";"0";"25565,161543823986";"0,08472156488474973";"216,59204925241923";"228,015625";"230,484375";"0,1381669999998394";"0,2522499999995489";"0,4626250000001164";"0,244083000000046";"1265,2090072400563";"1265,2090072400563";"7826,038";"10000,367084";"true";"false";""
"journal";"next";"";"capacity-1";"capacity";"1";"1";"4000";"14172";"14172";"0";"3542,7923773098223";"0,2970646344905447";"105,24383226414304";"176,640625";"238,59375";"0,23424999999997453";"0,49183299999998553";"0,7204169999999976";"0,4667500000000473";"1494,4662009596386";"1494,4662009596386";"957,799";"4000,2344169999997";"true";"false";""
"journal";"rustyx";"1";"capacity-1";"capacity";"1";"1";"4000";"33710";"33710";"0";"8427,054507976964";"0,10234351824384455";"86,24544067790129";"211,296875";"211,765625";"0,09562499999992724";"0,19708300000002055";"0,3099160000000154";"0,18170800000007148";"1264,1178878671017";"1264,1178878671017";"1471,542";"4000,2114579999998";"true";"false";""
"journal";"rustyx";"1";"capacity-16";"capacity";"1";"16";"4000";"100579";"100579";"0";"25137,96144323633";"0,09544735978683423";"239,93520501801444";"227,015625";"229,984375";"0,7453749999999673";"1,4546659999999747";"2,2932080000000212";"1,4450830000000678";"1264,3813817993816";"1264,3813817993816";"3349,677";"4001,0802080000003";"true";"false";""
"journal";"next";"";"capacity-16";"capacity";"1";"16";"4000";"24265";"24265";"0";"6062,873673562861";"0,22460333814135586";"136,17416658115636";"220,5";"247,921875";"1,5346669999998994";"7,182166999999936";"10,423874999999953";"7,176208999999972";"1494,8192046157017";"1494,8192046157017";"1170,785";"4002,227542";"true";"false";""
"journal";"next";"";"capacity-128";"capacity";"1";"128";"4000";"23227";"23227";"0";"5787,66649655017";"0,24023765445386835";"139,04154238924505";"270,703125";"281,1875";"12,599499999999807";"59,232332999999926";"79,93000000000006";"59,229290999999876";"1494,8346321091833";"1494,8346321091833";"1193,884";"4013,1890829999998";"true";"false";""
"journal";"rustyx";"1";"capacity-128";"capacity";"1";"128";"4000";"103743";"146531";"42788";"25904,512396114336";"0,1684932959332196";"436,47366731642484";"233,46875";"238,109375";"1,6104169999999982";"12,913249999999948";"17,008332999999993";"12,905292000000031";"1467,2489613757073";"1467,2489613757073";"4227,913";"4004,8235";"true";"false";""
"dashboard";"next";"";"ppr-html";"route";"1";"4";"3000";"2423";"2423";"0";"807,0642045368787";"1,7168799009492366";"138,56323115449507";"251,078125";"269,5";"4,8298750000003565";"6,920292000000018";"8,598292";"1,8225000000002183";"8771,083780437475";"8771,083780437475";"445,098";"3002,239458";"true";"false";""
"dashboard";"rustyx";"1";"ppr-html";"route";"1";"4";"3000";"2753";"2753";"0";"916,7981660392131";"1,8016709044678532";"165,17685810223384";"210,40625";"246,25";"4,098915999999917";"5,8465419999999995";"7,879500000000007";"4,786207999999988";"7338,4515074464225";"7338,4515074464225";"551,01";"3002,841958";"true";"false";""
"dashboard";"next";"";"api-session";"route";"1";"4";"3000";"17381";"17381";"0";"5792,368129717768";"0,23301306023819113";"134,9697423931705";"229,78125";"253,703125";"0,5882500000000164";"1,4516250000000355";"2,014125000000007";"1,439792000000125";"26,360796271791035";"26,360796271791035";"938,703";"3000,672542";"true";"false";""
"dashboard";"rustyx";"1";"api-session";"route";"1";"4";"3000";"36532";"36532";"0";"12175,451041070253";"0,14015110040512427";"170,6402861334712";"160,859375";"167,84375";"0,28370799999993324";"0,5742919999999998";"0,8476249999999936";"0,5500410000000073";"26,6958830614256";"26,6958830614256";"1637,442";"3000,463792";"true";"false";""
"dashboard";"next";"";"static";"route";"1";"4";"3000";"24372";"24372";"0";"8122,541776319981";"0,15550631872640736";"126,3106570336974";"219,5";"239,328125";"0,3635420000000522";"0,9900829999999132";"1,4130840000000262";"0,9788330000000087";"7507";"7507";"1163,078";"3000,538584";"true";"false";""
"dashboard";"rustyx";"1";"static";"route";"1";"4";"3000";"18101";"18101";"0";"6031,732909180605";"0,22484945583116955";"135,62318623482162";"153,296875";"153,796875";"0,5876249999996617";"1,0003750000000053";"1,5659160000000156";"0,991666000000123";"5447";"5447";"866,829";"3000,9617919999996";"true";"false";""
"dashboard";"next";"";"mixed";"mixed";"1";"4";"10000";"18255";"18255";"0";"1825,0938253691643";"0,7170638181320186";"130,87087468683845";"287,34375";"291,671875";"1,033541000000696";"5,753832999999986";"7,1335410000000365";"1,6833750000000691";"5435,391180498494";"5435,391180498494";"1502,892";"10002,225499999999";"true";"false";""
"dashboard";"rustyx";"1";"mixed";"mixed";"1";"4";"10000";"22006";"22006";"0";"2200,148996957486";"0,6920839770971553";"152,2687868020654";"260,671875";"263,390625";"1,642334000000119";"2,8148339999997916";"3,7846250000000055";"2,2295839999997042";"4271,129964555122";"4271,129964555122";"1919,268";"10002,049875";"true";"false";""
"dashboard";"rustyx";"1";"ppr-html";"route";"2";"4";"3000";"2814";"2814";"0";"935,2716694436674";"1,7981520966595594";"168,1760713356417";"212,984375";"240,828125";"4,026666999999861";"5,782541999999999";"7,743832999999995";"4,6673330000000135";"7338,463397299218";"7338,463397299218";"552,552";"3008,751459";"true";"false";""
"dashboard";"next";"";"ppr-html";"route";"2";"4";"3000";"2394";"2394";"0";"797,6671733719106";"1,7418546365914787";"138,94202643946812";"250,640625";"262,859375";"4,856583000000228";"6,914541999999997";"9,455500000000029";"1,8665419999999813";"8771,072681704261";"8771,072681704261";"451,022";"3001,25175";"true";"false";""
"dashboard";"rustyx";"1";"api-session";"route";"2";"4";"3000";"36491";"36491";"0";"12161,844923645811";"0,13976048888767093";"169,97453923047777";"155,890625";"163,546875";"0,2833330000000842";"0,5626669999999905";"0,8574169999999413";"0,5404159999999933";"26,69554136636431";"26,69554136636431";"1633,384";"3000,449375";"true";"false";""
"dashboard";"next";"";"api-session";"route";"2";"4";"3000";"17428";"17428";"0";"5808,02136713074";"0,23238466834978197";"134,96951191691244";"230,765625";"252";"0,5803750000000036";"1,4473749999999654";"1,9796249999999986";"1,4341669999999738";"26,36252008262566";"26,36252008262566";"934,564";"3000,677666";"true";"false";""
"dashboard";"rustyx";"1";"static";"route";"2";"4";"3000";"17529";"17529";"0";"5841,654633835118";"0,2276227965086428";"132,96937639912215";"152,3125";"152,5625";"0,5976249999999936";"1,03125";"1,7703749999999445";"1,0225420000001577";"5447";"5447";"846,547";"3000,690917";"true";"false";""
"dashboard";"next";"";"static";"route";"2";"4";"3000";"24471";"24471";"0";"8155,535290328463";"0,15487720158555024";"126,31064831982704";"215,921875";"234,078125";"0,3625419999999622";"1,0006659999999101";"1,383874999999989";"0,9870839999999816";"7507";"7507";"1183,591";"3000,538791";"true";"false";""
"dashboard";"rustyx";"1";"mixed";"mixed";"2";"4";"10000";"20968";"20968";"0";"2096,478653638801";"0,7358832506676841";"154,27635265951307";"265,5625";"267,421875";"1,731166999999914";"2,982250000000022";"3,9354160000002594";"2,313124999999957";"4271,119896985883";"4271,119896985883";"1930,744";"10001,532791";"true";"false";""
"dashboard";"next";"";"mixed";"mixed";"2";"4";"10000";"17645";"17645";"0";"1764,121808977889";"0,7395862850665911";"130,47202951069113";"284,671875";"288,828125";"1,0535829999998896";"5,9539590000003955";"7,6065830000000005";"1,7587919999999997";"5435,25276282233";"5435,25276282233";"1520,868";"10002,143791999999";"true";"false";""
"dashboard";"next";"";"ppr-html";"route";"3";"4";"3000";"2376";"2376";"0";"791,4521391535136";"1,7424242424242424";"137,9045393979607";"247,40625";"264,765625";"4,956916000000092";"6,881249999999966";"8,209541999999999";"1,8175420000002305";"8771,065656565657";"8771,065656565657";"444,571";"3002,076667";"true";"false";""
"dashboard";"rustyx";"1";"ppr-html";"route";"3";"4";"3000";"2753";"2753";"0";"916,5337927099691";"1,7980385034507809";"164,7963049006301";"200,03125";"238,515625";"4,038125000000036";"6,111000000000004";"8,372374999999977";"4,940667000000019";"7338,4515074464225";"7338,4515074464225";"551,276";"3003,708125";"true";"false";""
"dashboard";"next";"";"api-session";"route";"3";"4";"3000";"17194";"17194";"0";"5730,108045229661";"0,23612888216819822";"135,30440074230793";"228,515625";"255,359375";"0,5972079999999096";"1,4473330000000715";"2,0272920000001022";"1,4373750000000314";"26,353844364313133";"26,353844364313133";"936,168";"3000,6415";"true";"false";""
"dashboard";"rustyx";"1";"api-session";"route";"3";"4";"3000";"36478";"36478";"0";"12157,40975959388";"0,1400844344536433";"170,3063870593912";"161,734375";"169,609375";"0,283708000000388";"0,5828329999999937";"0,8343750000000227";"0,558667000000014";"26,69543286364384";"26,69543286364384";"1628,048";"3000,4746670000004";"true";"false";""
"dashboard";"next";"";"static";"route";"3";"4";"3000";"24606";"24606";"0";"8200,462413297506";"0,15443387791595545";"126,64292111895686";"214,859375";"240,140625";"0,359749999999849";"0,9786669999999731";"1,355416000000048";"0,9658340000000294";"7507";"7507";"1165,366";"3000,5625";"true";"false";""
"dashboard";"rustyx";"1";"static";"route";"3";"4";"3000";"17971";"17971";"0";"5989,052424745992";"0,22480663290857492";"134,63787099200826";"152,375";"152,8125";"0,5902089999999589";"1,008874999999989";"1,6814169999998967";"0,9994580000000042";"5447";"5447";"847,495";"3000,6416249999997";"true";"false";""
"dashboard";"next";"";"mixed";"mixed";"3";"4";"10000";"17958";"17958";"0";"1795,4958430041947";"0,7272524780042321";"130,57788010710985";"285,78125";"289,484375";"1,0489999999999782";"5,891166999999996";"7,342333000000053";"1,7166660000002594";"5435,3811114823475";"5435,3811114823475";"1524";"10001,694000000001";"true";"false";""
"dashboard";"rustyx";"1";"mixed";"mixed";"3";"4";"10000";"21931";"21931";"0";"2192,729456131032";"0,7012904108339792";"153,77401411378995";"256,921875";"271,140625";"1,6515420000000631";"2,827291999999943";"3,7582499999998618";"2,235916999999972";"4271,129269071178";"4271,129269071178";"1940,691";"10001,689875";"true";"false";""
"dashboard";"next";"";"capacity-1";"capacity";"1";"1";"4000";"3193";"3193";"0";"798,1430905288456";"1,083620419668024";"86,48841507140013";"221,921875";"260,40625";"0,44687499999997726";"3,243791999999985";"3,9031669999999394";"0,6769170000000031";"5435,696523645474";"5435,696523645474";"498,534";"4000,5357910000002";"true";"false";""
"dashboard";"rustyx";"1";"capacity-1";"capacity";"1";"1";"4000";"5734";"5734";"0";"1433,0848235036813";"0,9208231600976631";"131,96176958666615";"205,40625";"221,390625";"0,40391599999998107";"1,5367499999999836";"1,8692919999998594";"0,4963750000000573";"4271,048831531218";"4271,048831531218";"758,516";"4001,158833";"true";"false";""
"dashboard";"rustyx";"1";"capacity-16";"capacity";"1";"16";"4000";"7614";"7614";"0";"1900,1514182599917";"0,8326766482794852";"158,221171418024";"207,15625";"247,78125";"7,979624999999942";"11,556667000000061";"13,696124999999938";"11,031707999999995";"4270,551484108221";"4270,551484108221";"891,264";"4007,0490839999998";"true";"false";""
"dashboard";"next";"";"capacity-16";"capacity";"1";"16";"4000";"6315";"6315";"0";"1576,3072821195694";"0,9041963578780681";"142,5291303389191";"258,4375";"287,328125";"5,045749999999998";"25,036792000000105";"29,589624999999998";"6,5216669999999795";"5434,823752969121";"5434,823752969121";"741,998";"4006,198583";"true";"false";""
"dashboard";"next";"";"capacity-128";"capacity";"1";"128";"4000";"6871";"6871";"0";"1694,1837974904208";"0,8848784747489449";"149,9146774667699";"373,578125";"383,4375";"36,10795899999994";"182,27333299999998";"210,74112499999998";"46,5518340000001";"5435,323679231553";"5435,323679231553";"795,968";"4055,64025";"true";"false";""
"dashboard";"rustyx";"1";"capacity-128";"capacity";"1";"128";"4000";"3351";"159603";"156252";"829,6425687562955";"4,452402267979708";"369,3902454743041";"199,78125";"208,921875";"85,32183299999997";"111,4659999999999";"129,6645000000001";"110,77916700000014";"4377,763951059385";"4377,763951059385";"4329,655";"4039,0887909999997";"true";"false";""
"dashboard";"next";"";"sustained";"sustained";"1";"8";"60000";"127053";"127053";"0";"2117,4329397667766";"0,5692112740352452";"120,52667013288415";"307,171875";"308,875";"1,7615420000001905";"8,981667000000016";"11,267292000000452";"2,629334000000199";"5436,125443712466";"5436,125443712466";"8800,984";"60003,317042";"true";"false";""
"dashboard";"rustyx";"1";"sustained";"sustained";"1";"8";"60000";"146978";"146978";"0";"2449,5053552109675";"0,59253765869722";"145,14241681430087";"271,078125";"276,34375";"3,23212500000227";"4,249374999999418";"5,709374999998545";"3,9834169999999176";"4271,913252323477";"4271,913252323477";"10924,792";"60003,134791";"true";"false";""
"dashboard";"next";"";"ppr-flight";"route";"1";"4";"3000";"3955";"3955";"0";"1317,3723650835202";"1,056890012642225";"139,23176955876397";"249,890625";"261,84375";"2,7970000000000255";"4,865958999999975";"6,622417000000041";"4,8282080000001315";"4649,719342604299";"4649,719342604299";"518,385";"3002,1883749999997";"true";"false";""
"dashboard";"rustyx";"1";"ppr-flight";"route";"1";"4";"3000";"3530";"3530";"0";"1175,6484242424149";"1,4022662889518414";"164,85721529744913";"207,421875";"224,15625";"3,1582499999999527";"4,658000000000129";"7,026166999999997";"4,606625000000008";"3592,685552407932";"3592,685552407932";"539,297";"3002,598334";"true";"false";""
"dashboard";"rustyx";"1";"ppr-flight";"route";"2";"4";"3000";"3656";"3656";"0";"1217,7526247938367";"1,37308533916849";"167,20782758383643";"208,140625";"230,234375";"3,120832999999948";"4,253208000000001";"6,612333000000035";"4,196290999999974";"3592,6963894967175";"3592,6963894967175";"534,961";"3002,251792";"true";"false";""
"dashboard";"next";"";"ppr-flight";"route";"2";"4";"3000";"4064";"4064";"0";"1353,4869336181519";"1,0187007874015748";"137,87982050145544";"242,4375";"267,5";"2,752375000000029";"4,58566699999983";"6,490417000000001";"4,551124999999956";"4649,72687007874";"4649,72687007874";"500,878";"3002,6148749999998";"true";"false";""
"dashboard";"next";"";"ppr-flight";"route";"3";"4";"3000";"4164";"4164";"0";"1386,743475434891";"1,0086455331412103";"139,87326121101208";"237,265625";"280,296875";"2,7077920000000404";"4,378249999999753";"5,726709000000028";"4,326834000000076";"4649,733429394812";"4649,733429394812";"504,244";"3002,718292";"true";"false";""
"dashboard";"rustyx";"1";"ppr-flight";"route";"3";"4";"3000";"3648";"3648";"0";"1214,9595896047686";"1,3733552631578947";"166,85711469078646";"211,421875";"225,9375";"3,11262499999998";"4,313875000000003";"6,581374999999753";"4,250708999999972";"3592,6957236842104";"3592,6957236842104";"526,807";"3002,569";"true";"false";""
"portail";"next";"";"ssr";"route";"1";"4";"3000";"4508";"4508";"0";"1502,0557265286811";"0,9316770186335404";"139,9430801113678";"258,09375";"278,4375";"2,470500000000129";"3,8917920000000095";"5,613375000000019";"3,848875000000021";"6346,507542147294";"6346,507542147294";"509,801";"3001,220208";"true";"false";""
"portail";"rustyx";"1";"ssr";"route";"1";"4";"3000";"8455";"8455";"0";"2817,2713779128767";"0,5688941454760497";"160,2729193111879";"225,609375";"232,34375";"1,246000000000322";"2,1909999999999172";"3,936749999999961";"2,1104170000000977";"4321,8214074512125";"4321,8214074512125";"964,608";"3001,1308339999996";"true";"false";""
"portail";"next";"";"ssr-search";"route";"1";"4";"3000";"3648";"3648";"0";"1215,6263974871722";"1,1842105263157894";"143,95575759716513";"259,21875";"275,484375";"3,097750000000133";"4,628041999999937";"5,848334000000008";"4,571915999999874";"11841,478618421053";"11841,478618421053";"468,22";"3000,922";"true";"false";""
"portail";"rustyx";"1";"ssr-search";"route";"1";"4";"3000";"6670";"6670";"0";"2222,371015570397";"0,7256371814092953";"161,26350397842162";"215,9375";"229,78125";"1,6433329999999842";"2,589958000000024";"3,7730419999999754";"2,506458000000066";"9779,167916041979";"9779,167916041979";"905,416";"3001,299042";"true";"false";""
"portail";"next";"";"api-fast";"route";"1";"4";"3000";"17542";"17542";"0";"5846,047771838845";"0,22973435184129518";"134,3037995696645";"236,078125";"262,03125";"0,5742079999999987";"1,4357919999999922";"2,0421669999998358";"1,4240829999998823";"38,36666286626382";"38,36666286626382";"966,671";"3000,659708";"true";"false";""
"portail";"rustyx";"1";"api-fast";"route";"1";"4";"3000";"44523";"44523";"0";"14838,911423217181";"0,1185903914830537";"175,97523148616833";"161,40625";"166,875";"0,2302079999999478";"0,48099999999999454";"0,7428329999997914";"0,459959000000012";"38,750466051254406";"38,750466051254406";"1998,237";"3000,42225";"true";"false";""
"portail";"next";"";"api-async";"route";"1";"4";"3000";"364";"364";"0";"121,0260700069623";"1,4285714285714286";"17,289438572423187";"125,5";"132,875";"32,601208";"35,66208299999994";"37,27404200000001";"35,47529099999997";"41,6978021978022";"41,6978021978022";"155,4";"3007,616458";"true";"false";""
"portail";"rustyx";"1";"api-async";"route";"1";"4";"3000";"97";"97";"0";"31,102641556133058";"1,6494845360824741";"5,130332627815762";"77,3125";"78,5625";"128,58925";"130,58791700000006";"131,05462500000021";"130,45958399999972";"40,896907216494846";"40,896907216494846";"84,448";"3118,706166";"true";"false";""
"portail";"next";"";"stream";"route";"1";"4";"3000";"144";"144";"0";"47,4696734131862";"4,166666666666667";"19,779030588827585";"136,203125";"142,78125";"83,83141699999999";"87,603791";"90,06612500000006";"10,545167000000003";"7520,472222222223";"7520,472222222223";"83,254";"3033,5157090000002";"true";"false";""
"portail";"rustyx";"1";"stream";"route";"1";"4";"3000";"39";"39";"0";"11,913193904128281";"6,923076923076923";"8,247595779781118";"116,515625";"117,78125";"335,46283300000005";"338,893708";"338,94495800000004";"258,143833";"5062,74358974359";"5062,74358974359";"58,714";"3273,681291";"true";"false";""
"portail";"next";"";"proxy";"route";"1";"4";"3000";"3351";"3351";"0";"1116,0324928314228";"1,2921515965383468";"144,2083167400794";"267,546875";"294,375";"3,4210840000000644";"5,081290999999993";"6,49454199999991";"5,0306659999999965";"6308,337511190689";"6308,337511190689";"423,621";"3002,60075";"true";"false";""
"portail";"rustyx";"1";"proxy";"route";"1";"4";"3000";"8123";"8123";"0";"2706,5823051407115";"0,7386433583651361";"199,91990435607866";"331,46875";"368,0625";"1,3107080000002043";"2,2927079999999904";"3,5540829999999914";"2,2127920000000074";"3775,4699002831467";"3775,4699002831467";"977,988";"3001,201916";"true";"false";""
"portail";"next";"";"export-gzip";"route";"1";"4";"3000";"6524";"6524";"0";"2173,47463681846";"0,5656039239730227";"122,93257832403613";"234,015625";"273,390625";"1,536999999999992";"3,164416999999993";"4,161042000000066";"2,998416999999904";"141815";"141815";"1563,668";"3001,645333";"true";"false";""
"portail";"rustyx";"1";"export-gzip";"route";"1";"4";"3000";"4674";"4674";"0";"1556,8452313265484";"0,8515190415062045";"132,5683359152688";"152,15625";"165,890625";"2,4314590000001317";"3,385708999999963";"4,6133330000000115";"2,9154590000000553";"6717,779845956355";"141815";"1360,688";"3002,2252089999997";"true";"false";""
"portail";"next";"";"mixed";"mixed";"1";"4";"10000";"4636";"4636";"0";"462,6497039986155";"1,0806729939603106";"49,99730407750353";"195,34375";"214,265625";"1,412166999999954";"31,38566600000013";"32,170500000000004";"31,345792000000074";"4567,210742018982";"4567,210742018982";"682,783";"10020,540292";"true";"false";""
"portail";"rustyx";"1";"mixed";"mixed";"1";"4";"10000";"1123";"1123";"0";"111,94622101469007";"1,8432769367764916";"20,6347887355662";"158,078125";"177";"35,14683299999979";"39,08429100000012";"40,74037499999986";"38,8637090000002";"3546,6910062333036";"3546,6910062333036";"506,01";"10031,602584";"true";"false";""
"portail";"rustyx";"1";"ssr";"route";"2";"4";"3000";"8618";"8618";"0";"2871,6591536675796";"0,5662566720816895";"162,60961557087248";"254,265625";"358,4375";"1,2282910000001266";"2,199583000000004";"3,2565839999999753";"2,1407500000000255";"4321,824785333024";"4321,824785333024";"966,881";"3001,052541";"true";"false";""
"portail";"next";"";"ssr";"route";"2";"4";"3000";"4517";"4517";"0";"1505,191966750153";"0,9276068186849679";"139,62263317872794";"263,203125";"281,59375";"2,4615830000000187";"3,828708000000006";"5,063167000000021";"3,78779099999997";"6346,5085233562095";"6346,5085233562095";"510,715";"3000,946125";"true";"false";""
"portail";"rustyx";"1";"ssr-search";"route";"2";"4";"3000";"6875";"6875";"0";"2290,5761615324304";"0,7069090909090909";"161,92291120069254";"220,625";"229,015625";"1,594000000000051";"2,4717500000001564";"3,7306659999999283";"2,38254100000006";"9779,192727272728";"9779,192727272728";"914,183";"3001,42825";"true";"false";""
"portail";"next";"";"ssr-search";"route";"2";"4";"3000";"3596";"3596";"0";"1198,3645453833108";"1,1929922135706341";"142,96395716614026";"247,09375";"303,59375";"3,0885000000000673";"4,723250000000007";"6,646208999999999";"4,6814580000000205";"11841,456618464961";"11841,456618464961";"470,115";"3000,7563339999997";"true";"false";""
"portail";"rustyx";"1";"api-fast";"route";"2";"4";"3000";"43342";"43342";"0";"14445,26384705355";"0,12043745097134419";"173,97507563476427";"161,3125";"169,078125";"0,23262500000009823";"0,49595899999985704";"0,7893329999999992";"0,4743339999999989";"38,743666651285125";"38,743666651285125";"1985,248";"3000,429792";"true";"false";""
"portail";"next";"";"api-fast";"route";"2";"4";"3000";"17985";"17985";"0";"5993,549311335435";"0,22463163747567416";"134,6340796096478";"237,625";"265,59375";"0,5556249999999636";"1,4152090000000044";"1,8814159999999447";"1,405417";"38,3822629969419";"38,3822629969419";"981,219";"3000,726125";"true";"false";""
"portail";"rustyx";"1";"api-async";"route";"2";"4";"3000";"96";"96";"0";"30,853189100296422";"2,0833333333333335";"6,427747729228422";"76,375";"77,59375";"129,28787499999999";"131,29845799999998";"132,618833";"131,0607500000001";"40,895833333333336";"40,895833333333336";"95,834";"3111,5097920000003";"true";"false";""
"portail";"next";"";"api-async";"route";"2";"4";"3000";"364";"364";"0";"120,69603145251307";"1,3736263736263736";"16,579125199521027";"126,65625";"133,875";"32,71462499999984";"35,41549999999995";"38,38862500000005";"35,34000000000003";"41,6978021978022";"41,6978021978022";"148,196";"3015,840667";"true";"false";""
"portail";"rustyx";"1";"stream";"route";"2";"4";"3000";"39";"39";"0";"11,977535362180573";"5,641025641025641";"6,756558409435195";"114,796875";"119,5625";"333,847584";"337,39675000000034";"338,6276670000002";"256,27633400000013";"5062,74358974359";"5062,74358974359";"50,375";"3256,0955839999997";"true";"false";""
"portail";"next";"";"stream";"route";"2";"4";"3000";"144";"144";"0";"47,47256724514865";"4,027777777777778";"19,120895140407097";"135,96875";"144,015625";"83,69570900000008";"87,49970799999983";"88,12262499999997";"10,405166000000008";"7520,472222222223";"7520,472222222223";"80,006";"3033,3307919999997";"true";"false";""
"portail";"rustyx";"1";"proxy";"route";"2";"4";"3000";"8024";"8024";"0";"2673,5919575603025";"0,7477567298105683";"199,91963790331275";"337,875";"375,171875";"1,3129999999999882";"2,386209000000008";"3,78387500000008";"2,319250000000011";"3775,4633599202393";"3775,4633599202393";"974,491";"3001,205916";"true";"false";""
"portail";"next";"";"proxy";"route";"2";"4";"3000";"3353";"3353";"0";"1117,4407730345556";"1,2943632567849688";"144,63742782493205";"263,59375";"276,671875";"3,4017080000000988";"5,188250000000039";"6,950917000000004";"5,1606669999999895";"6308,33790635252";"6308,33790635252";"421,999";"3000,606458";"true";"false";""
"portail";"rustyx";"1";"export-gzip";"route";"2";"4";"3000";"4639";"4639";"0";"1545,1559677502746";"0,8579435223108428";"132,56565534912897";"153,453125";"168,375";"2,4323339999998552";"3,519374999999968";"4,825249999999869";"3,0273750000000064";"6718,721707264496";"141815";"1359,401";"3002,2859160000003";"true";"false";""
"portail";"next";"";"export-gzip";"route";"2";"4";"3000";"6662";"6662";"0";"2219,4242514658986";"0,5553887721404983";"123,264330988049";"229,9375";"264,75";"1,5137910000000119";"3,121832999999924";"4,050166999999874";"2,949707999999987";"141815";"141815";"1574,409";"3001,6793749999997";"true";"false";""
"portail";"rustyx";"1";"mixed";"mixed";"2";"4";"10000";"1119";"1119";"0";"111,734562555205";"1,840929401251117";"20,569544134380905";"158,234375";"175,703125";"35,25516700000003";"39,15391700000009";"40,278542000000016";"38,92900000000009";"3546,697944593387";"3546,697944593387";"505,148";"10014,806290999999";"true";"false";""
"portail";"next";"";"mixed";"mixed";"2";"4";"10000";"4624";"4624";"0";"461,3355470213596";"1,0380622837370241";"47,88950315100619";"207,203125";"224";"1,4756250000000364";"31,396333000000595";"32,34587499999998";"31,377125000000888";"4567,2093425605535";"4567,2093425605535";"677,803";"10023,073292000001";"true";"false";""
"portail";"next";"";"ssr";"route";"3";"4";"3000";"4544";"4544";"0";"1514,1870691111449";"0,9220950704225352";"139,62244321249332";"253,125";"273,234375";"2,4382080000000315";"3,845458000000008";"4,793791999999996";"3,8164170000000013";"6346,5114436619715";"6346,5114436619715";"506,316";"3000,9502079999997";"true";"false";""
"portail";"rustyx";"1";"ssr";"route";"3";"4";"3000";"8607";"8607";"0";"2867,7377174480366";"0,5611711397699547";"160,92916434616032";"224,0625";"233,109375";"1,2382909999998901";"2,143041999999923";"3,4494589999999334";"2,0670000000000073";"4321,824561403509";"4321,824561403509";"974,395";"3001,3205";"true";"false";""
"portail";"next";"";"ssr-search";"route";"3";"4";"3000";"3638";"3638";"0";"1211,764676300451";"1,1847168774051677";"143,5598063456554";"256,6875";"271,75";"3,0837500000002365";"4,623042000000055";"6,32808399999999";"4,575917000000118";"11841,474436503573";"11841,474436503573";"466,958";"3002,233083";"true";"false";""
"portail";"rustyx";"1";"ssr-search";"route";"3";"4";"3000";"6808";"6808";"0";"2268,2054371808877";"0,7123971797884842";"161,586315662857";"229,828125";"238,046875";"1,5965419999999995";"2,604624999999942";"3,6416250000000048";"2,512666999999965";"9779,184782608696";"9779,184782608696";"916,835";"3001,491791";"true";"false";""
"portail";"next";"";"api-fast";"route";"3";"4";"3000";"17327";"17327";"0";"5774,365269094144";"0,23373925088012928";"134,96958123063015";"240,546875";"268,046875";"0,5860839999999143";"1,4423750000000268";"1,9714159999999978";"1,428625000000011";"38,358804178449816";"38,358804178449816";"967,814";"3000,676125";"true";"false";""
"portail";"rustyx";"1";"api-fast";"route";"3";"4";"3000";"44270";"44270";"0";"14754,473168322309";"0,11881635419019652";"175,30727098571347";"162,265625";"170,03125";"0,2313329999999496";"0,4797089999999997";"0,7299170000001141";"0,45833399999997937";"38,74903998192907";"38,74903998192907";"1988,398";"3000,446";"true";"false";""
"portail";"next";"";"api-async";"route";"3";"4";"3000";"348";"348";"0";"115,92577207123007";"1,5517241379310345";"17,988481873121906";"125,5";"130,84375";"34,475708999999995";"36,399167000000034";"37,98329200000012";"36,23208299999999";"41,68390804597701";"41,68390804597701";"153,955";"3001,9209170000004";"true";"false";""
"portail";"rustyx";"1";"api-async";"route";"3";"4";"3000";"94";"94";"0";"30,137275685095066";"2,021276595744681";"6,09157700017879";"77,890625";"79,140625";"132,29670899999996";"134,92720800000006";"136,15712499999995";"134,764541";"40,8936170212766";"40,8936170212766";"94,733";"3119,060959";"true";"false";""
"portail";"next";"";"stream";"route";"3";"4";"3000";"144";"144";"0";"46,859725209202026";"4,097222222222222";"19,19947074543694";"134";"142,578125";"84,94012499999985";"88,603958";"92,61345799999981";"10,714208";"7520,472222222223";"7520,472222222223";"84,922";"3073,0013750000003";"true";"false";""
"portail";"rustyx";"1";"stream";"route";"3";"4";"3000";"39";"39";"0";"11,896084499108309";"5,897435897435898";"7,015639576397208";"120,5";"121,5";"334,8412080000003";"341,64025000000004";"342,53729200000004";"259,80558300000007";"5062,74358974359";"5062,74358974359";"47,299";"3278,389625";"true";"false";""
"portail";"next";"";"proxy";"route";"3";"4";"3000";"3296";"3296";"0";"1097,961835921893";"1,3137135922330097";"144,24073876037005";"264,328125";"282,921875";"3,40787499999999";"5,381083000000018";"7,391584000000023";"5,323624999999993";"6308,3264563106795";"6308,3264563106795";"426,678";"3001,925834";"true";"false";""
"portail";"rustyx";"1";"proxy";"route";"3";"4";"3000";"8218";"8218";"0";"2738,2332864457694";"0,7349720126551472";"201,25248296583655";"340,578125";"374,65625";"1,2863749999999072";"2,266458";"3,515457999999967";"2,1830830000000105";"3775,476028230713";"3775,476028230713";"967,356";"3001,2052080000003";"true";"false";""
"portail";"next";"";"export-gzip";"route";"3";"4";"3000";"6656";"6656";"0";"2217,2033435008025";"0,5543870192307693";"122,91887526319053";"235,65625";"286,9375";"1,522416000000021";"3,116416999999956";"4,022291999999879";"2,940999999999974";"141815";"141815";"1579,338";"3001,9799580000004";"true";"false";""
"portail";"rustyx";"1";"export-gzip";"route";"3";"4";"3000";"4624";"4624";"0";"1540,1448974647983";"0,8542387543252595";"131,5651458690734";"152,9375";"161,53125";"2,4355829999999514";"3,3951250000000073";"4,864166999999952";"2,978625000000193";"6727,533520761246";"141815";"1366,851";"3002,314917";"true";"false";""
"portail";"next";"";"mixed";"mixed";"3";"4";"10000";"4480";"4480";"0";"447,67068784613684";"1,0580357142857142";"47,36515759800644";"178,921875";"230,03125";"1,943916000000172";"32,3415829999999";"33,53366600000027";"32,31858300000022";"4567,191964285715";"4567,191964285715";"653,51";"10007,356124999998";"true";"false";""
"portail";"rustyx";"1";"mixed";"mixed";"3";"4";"10000";"1099";"1099";"0";"109,58794376032522";"1,8016378525932666";"19,7437787666464";"157,28125";"174,53125";"36,02062500000011";"39,79112500000065";"41,33079199999975";"39,599000000000046";"3546,7333939945406";"3546,7333939945406";"483,435";"10028,475417";"true";"false";""
"portail";"next";"";"capacity-1";"capacity";"1";"1";"4000";"409";"409";"0";"102,2407035339896";"2,371638141809291";"24,24779521466257";"156,75";"159,6875";"2,3840000000000146";"33,19954199999995";"33,85612500000025";"33,121667";"4569,239608801956";"4569,239608801956";"144,832";"4000,3637089999997";"true";"false";""
"portail";"rustyx";"1";"capacity-1";"capacity";"1";"1";"4000";"428";"428";"0";"106,4346556958565";"1,6355140186915889";"17,40753714651859";"135,8125";"154,34375";"1,825749999999971";"33,25700000000006";"33,68433300000015";"33,13650000000001";"3542,9976635514017";"3542,9976635514017";"197,682";"4021,2466249999998";"true";"false";""
"portail";"rustyx";"1";"capacity-16";"capacity";"1";"16";"4000";"451";"451";"0";"109,23522685898041";"1,8403547671840355";"20,10315704943542";"134,0625";"151,84375";"147,24304199999995";"150,88358299999993";"152,49283400000002";"150,70458299999999";"3550,80044345898";"3550,80044345898";"230,064";"4128,70475";"true";"false";""
"portail";"next";"";"capacity-16";"capacity";"1";"16";"4000";"7058";"7058";"0";"1751,5521977382816";"0,779257580051006";"136,49103269425544";"267,453125";"288,75";"1,9684160000001611";"30,99083399999995";"32,25254200000006";"30,972458999999958";"4568,678662510626";"4568,678662510626";"682,352";"4029,56875";"true";"false";""
"portail";"next";"";"capacity-128";"capacity";"1";"128";"4000";"7610";"7610";"0";"1878,3301371007879";"0,7989487516425755";"150,06895182093024";"347,03125";"360,5625";"74,47233299999971";"112,30825000000004";"127,36675000000002";"112,26416599999993";"4568,6113009198425";"4568,6113009198425";"719,383";"4051,470958";"true";"false";""
"portail";"rustyx";"1";"capacity-128";"capacity";"1";"128";"4000";"543";"189197";"188654";"114,83867716947088";"16,07734806629834";"184,63013843268524";"147,765625";"162,1875";"572,1188749999997";"742,9141250000002";"774,3235420000001";"742,6581660000002";"3543,486187845304";"3543,486187845304";"4306,92";"4728,372125";"true";"false";""
"portail";"next";"";"sustained";"sustained";"1";"8";"60000";"56219";"56219";"0";"936,5230472243826";"0,5756061118127324";"53,906838983583874";"287,4375";"337,25";"1,5382079999981215";"30,989292000000205";"32,748875000001135";"30,977083000005223";"4569,63581707252";"4569,63581707252";"3810,137";"60029,489041";"true";"false";""
"portail";"rustyx";"1";"sustained";"sustained";"1";"8";"60000";"6603";"6603";"0";"109,9262643256668";"1,8097834317734363";"19,894273189333916";"198,375";"211,703125";"72,28837499999645";"77,80904100000043";"79,80054199999722";"77,66537499999686";"3545,8082689686507";"3545,8082689686507";"2464,153";"60067,537458";"true";"false";""
"portail";"next";"";"export-identity";"route";"1";"4";"3000";"6537";"6537";"0";"2177,8049295449123";"0,566008872571516";"123,26569128524056";"233,4375";"290,640625";"1,525333000000046";"3,150207999999992";"4,25220800000011";"2,9569589999999977";"141815";"141815";"1569,234";"3001,64625";"true";"false";""
"portail";"rustyx";"1";"export-identity";"route";"1";"4";"3000";"8046";"8046";"0";"2680,72907438802";"0,5331841909023117";"142,93223625558795";"152,828125";"164,75";"1,3463749999999663";"2,4175410000002557";"3,673999999999978";"2,155208000000016";"141815";"141815";"1904,273";"3001,422291";"true";"false";""
"portail";"rustyx";"1";"export-identity";"route";"2";"4";"3000";"8120";"8120";"0";"2705,6024251676668";"0,5307881773399015";"143,6101779861163";"156,53125";"170";"1,3410829999999692";"2,4158749999999145";"3,61979099999985";"2,118832999999995";"141815";"141815";"1904,321";"3001,180042";"true";"false";""
"portail";"next";"";"export-identity";"route";"2";"4";"3000";"6733";"6733";"0";"2243,0443619093103";"0,548046933016486";"122,92935831643184";"244,09375";"293,515625";"1,5109999999999957";"3,1097500000000764";"3,991624999999999";"2,9312499999998636";"141815";"141815";"1576,363";"3001,723958";"true";"false";""
"portail";"next";"";"export-identity";"route";"3";"4";"3000";"6595";"6595";"0";"2197,3320215826466";"0,5579984836997727";"122,61079362280728";"239,296875";"291,953125";"1,514332999999965";"3,095916999999986";"4,216916999999967";"2,9257920000000013";"141815";"141815";"1558,948";"3001,3670829999996";"true";"false";""
"portail";"rustyx";"1";"export-identity";"route";"3";"4";"3000";"8191";"8191";"0";"2728,4592992490216";"0,5213038701013307";"142,23563921124799";"154,46875";"166,953125";"1,3359169999998812";"2,2739579999999933";"3,529124999999965";"1,985084000000029";"141815";"141815";"1927,907";"3002,0605410000003";"true";"false";""
"documentation";"next";"";"static-large";"route";"1";"4";"3000";"15906";"15906";"0";"5299,709349025745";"0,22758707406010312";"120,61453441137431";"169,34375";"211,09375";"0,6057909999999538";"1,367666999999983";"1,7588329999999814";"1,32162500000004";"43486";"43486";"1485,727";"3001,296666";"true";"false";""
"documentation";"rustyx";"1";"static-large";"route";"1";"4";"3000";"41825";"41825";"0";"13939,602253391746";"0,07364016736401674";"102,6514642927593";"8,171875";"8,234375";"0,25349999999980355";"0,4408339999999953";"0,5579999999999927";"0,3980420000000038";"43023";"43023";"3240,332";"3000,4442910000002";"true";"false";""
"documentation";"next";"";"static-gzip";"route";"1";"4";"3000";"14157";"14157";"0";"4718,048723426139";"0,3461185279367098";"163,3004078885928";"209,328125";"222,65625";"0,7428749999999127";"1,2812080000000208";"1,7568750000000009";"1,112415999999996";"1192";"43486";"1426,267";"3000,604875";"true";"false";""
"documentation";"rustyx";"1";"static-gzip";"route";"1";"4";"3000";"39850";"39850";"0";"13281,390929909834";"0,08883312421580929";"117,98274502354032";"8,296875";"8,296875";"0,2830830000000333";"0,43762500000000415";"0,5882090000000062";"0,3844169999999849";"1078";"43023";"3189,188";"3000,43875";"true";"false";""
"documentation";"next";"";"public-gzip";"route";"1";"4";"3000";"9493";"9493";"0";"3163,068852276672";"0,6636468977141051";"209,91608310695284";"194,90625";"201,0625";"1,129917000000006";"1,999416999999994";"2,7731659999999465";"1,6417909999999978";"843";"253952";"3138,515";"3001,199292";"true";"false";""
"documentation";"rustyx";"1";"public-gzip";"route";"1";"4";"3000";"9442";"9442";"0";"3146,1271868230847";"0,35056132175386573";"110,29105050184718";"17,765625";"18,84375";"1,2225419999999758";"1,5598750000001473";"1,839917000000014";"1,2606249999998909";"910,9925863164584";"253952";"3208,585";"3001,150125";"true";"false";""
"documentation";"next";"";"isr-hit";"route";"1";"4";"3000";"37227";"37227";"0";"12407,000921976445";"0,10046471646922932";"124,64658298598304";"215,34375";"218";"0,2245420000000422";"0,6298750000000268";"0,9527089999999987";"0,6251250000000255";"1669";"1669";"1319,406";"3000,4833750000003";"true";"false";""
"documentation";"rustyx";"1";"isr-hit";"route";"1";"4";"3000";"89534";"89534";"0";"29841,949398016914";"0,09013335716040834";"268,9755083454291";"8,296875";"8,296875";"0,12400000000002365";"0,18866700000012315";"0,26354200000014316";"0,18583300000000236";"1131";"1131";"2343,613";"3000,273166";"true";"false";""
"documentation";"next";"";"api-pages";"route";"1";"4";"3000";"36973";"36973";"0";"12322,6644707765";"0,10304817028642521";"126,98280267670586";"212,140625";"214,15625";"0,22050000000001546";"0,6739169999999888";"1,02862499999992";"0,664291999999989";"33,69951045357423";"33,69951045357423";"1512,388";"3000,4062910000002";"true";"false";""
"documentation";"rustyx";"1";"api-pages";"route";"1";"4";"3000";"61545";"61545";"0";"20512,617972237975";"0,08075391989601105";"165,64743085875818";"134,703125";"135,203125";"0,16887500000007094";"0,29520800000000236";"0,744083000000046";"0,28449999999998";"33,81948168007149";"33,81948168007149";"2212,682";"3000,348375";"true";"false";""
"documentation";"next";"";"mixed";"mixed";"1";"4";"10000";"93400";"93400";"0";"9339,557655200555";"0,1296573875802998";"121,09426467288942";"225,75";"227,375";"0,2970839999998134";"0,9559170000002268";"1,4430419999998776";"0,9473339999995005";"13122,470267665953";"13122,470267665953";"4446,783";"10000,473625";"true";"false";""
"documentation";"rustyx";"1";"mixed";"mixed";"1";"4";"10000";"239088";"239088";"0";"23907,362471811197";"0,08231278859666734";"196,78816730460935";"133,546875";"134";"0,1531249999999318";"0,23241699999925913";"0,3948339999997188";"0,21795900000051915";"12746,883821019876";"12746,883821019876";"9888,18";"10000,601290999999";"true";"false";""
"documentation";"rustyx";"1";"static-large";"route";"2";"4";"3000";"41821";"41821";"0";"13938,368218551672";"0,07292986776978073";"101,65233511054876";"8,328125";"8,34375";"0,25287500000013097";"0,44020799999998417";"0,5625";"0,3975419999999872";"43023";"43023";"3230,338";"3000,422958";"true";"false";""
"documentation";"next";"";"static-large";"route";"2";"4";"3000";"15433";"15433";"0";"5142,437844457034";"0,23261841508455905";"119,62257410484514";"169,609375";"213,140625";"0,6216669999998885";"1,4121670000000108";"1,9137079999999997";"1,3706250000000182";"43486";"43486";"1463,164";"3001,1057920000003";"true";"false";""
"documentation";"rustyx";"1";"static-gzip";"route";"2";"4";"3000";"39863";"39863";"0";"13285,61348581588";"0,08729899907182098";"115,98207593668128";"8,171875";"8,1875";"0,2852499999999054";"0,42466699999999946";"0,5717079999999441";"0,36983299999997143";"1078";"43023";"3201,834";"3000,463625";"true";"false";""
"documentation";"next";"";"static-gzip";"route";"2";"4";"3000";"13912";"13912";"0";"4636,224825886138";"0,35077630822311673";"162,6277828516702";"187,796875";"226,4375";"0,7459590000000844";"1,3225830000001224";"1,9525830000000042";"1,1528750000000088";"1192";"43486";"1420,416";"3000,717291";"true";"false";""
"documentation";"rustyx";"1";"public-gzip";"route";"2";"4";"3000";"9375";"9375";"0";"3123,867033821595";"0,352";"109,96011959052015";"16,53125";"17,296875";"1,2337079999999787";"1,5644579999998314";"1,9002080000000205";"1,2519170000000486";"910,9941333333334";"253952";"3215,639";"3001,0880420000003";"true";"false";""
"documentation";"next";"";"public-gzip";"route";"2";"4";"3000";"9508";"9508";"0";"3167,9938875657053";"0,6531342027766092";"206,91251621563978";"198,453125";"211,515625";"1,1251669999999194";"2,008792000000085";"2,6183750000000146";"1,6556250000001";"843";"253952";"3159,359";"3001,2684169999998";"true";"false";""
"documentation";"rustyx";"1";"isr-hit";"route";"2";"4";"3000";"87109";"87109";"0";"29033,04776009515";"0,09160936298201104";"265,96990107286194";"8,359375";"8,390625";"0,12649999999985084";"0,19891600000005383";"0,2919170000000122";"0,19583299999999326";"1131";"1131";"2367,46";"3000,3395";"true";"false";""
"documentation";"next";"";"isr-hit";"route";"2";"4";"3000";"37446";"37446";"0";"12480,289335061036";"0,09987715643860492";"124,64958103169437";"212,8125";"217,671875";"0,2226660000001175";"0,630375000000015";"0,9495830000000751";"0,6259580000000824";"1669";"1669";"1315,62";"3000,411208";"true";"false";""
"documentation";"rustyx";"1";"api-pages";"route";"2";"4";"3000";"62305";"62305";"0";"20765,942944875005";"0,07976887890217478";"165,6475988059205";"134,328125";"134,765625";"0,16641599999991286";"0,29362500000002";"0,7303749999999809";"0,2829580000000078";"33,82168365299735";"33,82168365299735";"2229,584";"3000,345333";"true";"false";""
"documentation";"next";"";"api-pages";"route";"2";"4";"3000";"37102";"37102";"0";"12365,642162770464";"0,10295940919626975";"127,31592114113305";"208,890625";"212,15625";"0,22041699999999764";"0,6790419999999813";"1,0455839999999625";"0,6687080000000378";"33,70055522613336";"33,70055522613336";"1510,599";"3000,410291";"true";"false";""
"documentation";"rustyx";"1";"mixed";"mixed";"2";"4";"10000";"239062";"239062";"0";"23905,093691388036";"0,08303285340204633";"198,49081400392055";"135,640625";"135,984375";"0,15320800000063173";"0,23508299999957671";"0,3828749999993306";"0,2206659999992553";"12746,985572780282";"12746,985572780282";"9740,372";"10000,462792";"true";"false";""
"documentation";"next";"";"mixed";"mixed";"2";"4";"10000";"93207";"93207";"0";"9320,26408379259";"0,1298185758580364";"120,99434099787605";"227,6875";"229,359375";"0,2967500000004293";"0,9522500000002765";"1,4544579999992493";"0,943166999999903";"13122,610630102889";"13122,610630102889";"4458,851";"10000,467708";"true";"false";""
"documentation";"next";"";"static-large";"route";"3";"4";"3000";"15962";"15962";"0";"5319,248349379119";"0,22804159879714322";"121,30098979914793";"170,421875";"180,6875";"0,5962499999999977";"1,3552500000000123";"1,7198750000000018";"1,3099579999999946";"43486";"43486";"1486,103";"3000,7999160000004";"true";"false";""
"documentation";"rustyx";"1";"static-large";"route";"3";"4";"3000";"41578";"41578";"0";"13857,376939618747";"0,07335610178459763";"101,65231532502087";"8,21875";"8,296875";"0,2529999999997017";"0,445165999999972";"0,5652079999999842";"0,40208300000000463";"43023";"43023";"3269,246";"3000,423542";"true";"false";""
"documentation";"next";"";"static-gzip";"route";"3";"4";"3000";"13967";"13967";"0";"4654,7410838147935";"0,3501109758716976";"162,96759432844806";"211,640625";"228,046875";"0,7500830000001315";"1,2985840000000053";"1,8272920000000568";"1,1331670000000145";"1192";"43486";"1409,917";"3000,5965419999998";"true";"false";""
"documentation";"rustyx";"1";"static-gzip";"route";"3";"4";"3000";"39789";"39789";"0";"13261,145282959578";"0,08871798738344769";"117,65021199036747";"8,21875";"8,234375";"0,2822500000000332";"0,4382500000001528";"0,5939160000000072";"0,38437500000009095";"1078";"43023";"3194,716";"3000,4195830000003";"true";"false";""
"documentation";"next";"";"public-gzip";"route";"3";"4";"3000";"8657";"8657";"0";"2884,435813485986";"0,8513341804320204";"245,56187992828595";"191,984375";"196,453125";"1,212415999999962";"2,365957999999864";"3,184500000000071";"1,7484160000003612";"843";"253952";"3041,892";"3001,280167";"true";"false";""
"documentation";"rustyx";"1";"public-gzip";"route";"3";"4";"3000";"9494";"9494";"0";"3163,347331504014";"0,35074784074152093";"110,95372460404853";"17,46875";"18,375";"1,2145000000000437";"1,5137089999998352";"1,838041000000004";"1,2127089999999043";"910,9942068674952";"253952";"3197,407";"3001,251208";"true";"false";""
"documentation";"next";"";"isr-hit";"route";"3";"4";"3000";"37746";"37746";"0";"12580,179891186555";"0,09908334657977004";"124,64863241942912";"210,703125";"220,609375";"0,22145900000009533";"0,6243330000002061";"0,9307919999999967";"0,6197500000002947";"1669";"1669";"1329,068";"3000,4340420000003";"true";"false";""
"documentation";"rustyx";"1";"isr-hit";"route";"3";"4";"3000";"86982";"86982";"0";"28991,01795490214";"0,09174311926605505";"265,97264178809303";"8,328125";"8,375";"0,12658399999999403";"0,19795799999999986";"0,28654099999994287";"0,19487499999999613";"1131";"1131";"2352,297";"3000,308583";"true";"false";""
"documentation";"next";"";"api-pages";"route";"3";"4";"3000";"37182";"37182";"0";"12392,209842019905";"0,10246893658221719";"126,98165644154652";"213,078125";"215,140625";"0,21983299999999417";"0,6710830000000101";"1,0113750000000152";"0,6602910000000008";"33,70119950513689";"33,70119950513689";"1501,91";"3000,433375";"true";"false";""
"documentation";"rustyx";"1";"api-pages";"route";"3";"4";"3000";"61360";"61360";"0";"20450,85877942102";"0,08067144719687093";"164,9800374154727";"133,921875";"134,328125";"0,16745800000012423";"0,3043749999999932";"0,7539170000000013";"0,29291699999998855";"33,81893741851369";"33,81893741851369";"2235,521";"3000,3630000000003";"true";"false";""
"documentation";"next";"";"mixed";"mixed";"3";"4";"10000";"93311";"93311";"0";"9329,72060080917";"0,1297810547523872";"121,08209801180897";"226,1875";"227,671875";"0,2967500000004293";"0,9601659999998446";"1,449957999999981";"0,95049999999992";"13122,610506799841";"13122,610506799841";"4423,391";"10001,4785";"true";"false";""
"documentation";"rustyx";"1";"mixed";"mixed";"3";"4";"10000";"235699";"235699";"0";"23569,02549252122";"0,08387816664474605";"197,6926647915963";"135,03125";"135,40625";"0,15483300000050804";"0,23737500000015643";"0,40679199999976845";"0,22320899999976973";"12746,936083733915";"12746,936083733915";"9824,17";"10000,371041";"true";"false";""
"documentation";"next";"";"capacity-1";"capacity";"1";"1";"4000";"20050";"20050";"0";"5011,982512805553";"0,18753117206982545";"93,99029550198942";"177,078125";"219,171875";"0,16187499999978172";"0,36520900000004985";"0,5322080000000824";"0,32512499999995725";"13123,5855361596";"13123,5855361596";"1234,902";"4000,413";"true";"false";""
"documentation";"rustyx";"1";"capacity-1";"capacity";"1";"1";"4000";"35012";"35012";"0";"8752,443217700928";"0,08311436079058608";"72,7453723395113";"116,65625";"121,9375";"0,09937500000023647";"0,15858300000002146";"0,20962499999995998";"0,13412499999998317";"12746,6706843368";"12746,6706843368";"1793,271";"4000,254458";"true";"false";""
"documentation";"rustyx";"1";"capacity-16";"capacity";"1";"16";"4000";"106961";"106961";"0";"26734,97513593573";"0,11480820112003441";"306,9394402345628";"135,3125";"137,515625";"0,49749999999994543";"1,0714169999999967";"1,5193749999998545";"1,056833000000097";"12746,684698161012";"12746,684698161012";"4413,681";"4000,789208";"true";"false";""
"documentation";"next";"";"capacity-16";"capacity";"1";"16";"4000";"34758";"34758";"0";"8686,540332835972";"0,1513320674377122";"131,455210744914";"221,921875";"231,59375";"1,1126250000002074";"4,782791999999972";"6,800583000000003";"4,774124999999913";"13123,126186777145";"13123,126186777145";"1865,735";"4001,362875";"true";"false";""
"documentation";"next";"";"capacity-128";"capacity";"1";"128";"4000";"33764";"33764";"0";"8419,389968606358";"0,1602298305887928";"134,9037428330778";"269,46875";"269,734375";"8,16558299999997";"40,08745799999997";"56,54633299999978";"40,08008300000006";"13122,417752635944";"13122,417752635944";"2069,225";"4010,266792";"true";"false";""
"documentation";"rustyx";"1";"capacity-128";"capacity";"1";"128";"4000";"104303";"104303";"0";"26051,270220552964";"0,10814645791587969";"281,7352598562241";"139,3125";"139,84375";"4,618332999999893";"6,746208999999908";"9,62579199999999";"6,730917000000005";"12746,85556503648";"12746,85556503648";"4426,156";"4003,758708";"true";"false";""
"documentation";"next";"";"static-rotation";"route";"1";"4";"3000";"15922";"15922";"0";"5305,763122803131";"0,22861449566637357";"121,29743604448811";"174,71875";"223,03125";"0,5946250000001783";"1,3795410000000174";"1,7190839999999525";"1,337083000000007";"43485,497550558975";"43485,497550558975";"1470,436";"3000,887833";"true";"false";""
"documentation";"rustyx";"1";"static-rotation";"route";"1";"4";"3000";"42131";"42131";"0";"14041,688543793061";"0,09256841755476965";"129,98168882958615";"21,328125";"21,59375";"0,267334000000119";"0,4027080000000183";"0,5706249999998363";"0,3605840000000171";"43022,399017350646";"43022,399017350646";"3267,661";"3000,4226249999997";"true";"false";""
"documentation";"rustyx";"1";"static-rotation";"route";"2";"4";"3000";"42573";"42573";"0";"14188,90378810996";"0,09184224743381955";"130,31408125222544";"20,984375";"21,09375";"0,26837499999965075";"0,38637500000004366";"0,5179579999999078";"0,3455829999998059";"43022,39961947713";"43022,39961947713";"3292,122";"3000,443208";"true";"false";""
"documentation";"next";"";"static-rotation";"route";"2";"4";"3000";"15722";"15722";"0";"5239,212711790166";"0,2302506042488233";"120,63318926778021";"169,578125";"230,5";"0,5974160000000666";"1,389667000000145";"1,7677909999999883";"1,3481670000001031";"43485,49751939957";"43485,49751939957";"1454,8";"3000,832542";"true";"false";""
"documentation";"next";"";"static-rotation";"route";"3";"4";"3000";"15955";"15955";"0";"5317,1224331389";"0,22751488561579442";"120,97245021807714";"177,515625";"216,9375";"0,598667000000205";"1,3667919999998048";"1,6997080000001006";"1,323084000000108";"43485,49858978377";"43485,49858978377";"1469,361";"3000,683208";"true";"false";""
"documentation";"rustyx";"1";"static-rotation";"route";"3";"4";"3000";"41949";"41949";"0";"13980,969650965024";"0,09225488092683973";"128,98126903915383";"21,453125";"22,15625";"0,2675420000000486";"0,39804199999980483";"0,5431670000000395";"0,3562080000001515";"43022,3992705428";"43022,3992705428";"3246,892";"3000,435667";"true";"false";""
"portail";"rustyx";"4";"mixed";"tuning";"1";"4";"10000";"4653";"4653";"0";"463,8696058849232";"1,1734364925854288";"54,432152334658944";"574,671875";"643,546875";"1,1979169999995065";"31,73083399999996";"31,90670799999998";"31,67450000000008";"3544,4214485278317";"3544,4214485278317";"895,309";"10030,836125";"true";"false";""
"portail";"rustyx";"4";"api-async";"tuning";"1";"4";"3000";"364";"364";"0";"120,70237842773297";"1,9230769230769231";"23,21199585148711";"280,171875";"289,75";"32,930541000000176";"34,763125";"36,30058300000019";"34,536292";"41,6978021978022";"41,6978021978022";"200,954";"3015,6820829999997";"true";"false";""
