"project";"engine";"scenario";"valid_runs";"requestsPerSecond";"cpuMsPerRequest";"cpuPercentOneCore";"loadMedianRssMiB";"p50Ms";"p95Ms";"p99Ms";"ttfbP95Ms";"meanBodyBytes";"meanDecodedBytes";"peak_rss_mib";"errors";"failed_runs"
"boutique";"next";"static";"3";"9624,268433704303";"0,13015486340699498";"124,64773234372973";"237,625";"0,2955420000000686";"0,8202919999998812";"1,1627499999999955";"0,8083330000000615";"7531";"7531";"255,234375";"0";"0"
"boutique";"rustyx";"static";"3";"29158,15630921881";"0,08447258927346715";"245,9760925176718";"8,65625";"0,126041999999984";"0,19816600000001472";"0,2752500000001419";"0,19087499999977808";"6323";"6323";"8,75";"0";"0"
"boutique";"next";"runtime";"3";"645,9979553257059";"1,6212043232115285";"104,72946779598423";"222,765625";"6,097166999999899";"8,17204199999992";"9,642084000000068";"6,645582999999995";"5891";"5891";"281,875";"0";"0"
"boutique";"rustyx";"runtime";"3";"2788,4300369832854";"0,5812559923298178";"161,928589492034";"243,3125";"1,2672090000000935";"2,1575000000000273";"3,2409169999996266";"2,1009169999999813";"4308";"4308";"271,8125";"0";"0"
"boutique";"next";"api-get";"3";"6243,919605869238";"0,21562766865926558";"134,6361827909464";"239,6875";"0,5299589999999625";"1,3563749999999857";"1,816167";"1,3509169999999813";"140";"140";"272,21875";"0";"0"
"boutique";"rustyx";"api-get";"3";"15097,158084472663";"0,11898980087421078";"179,97512347848254";"160,609375";"0,22887500000001637";"0,4485000000000099";"0,7184170000000449";"0,43558299999997985";"140";"140";"169,578125";"0";"0"
"boutique";"next";"api-post";"3";"5281,038598703551";"0,26251025430680885";"138,30251492292467";"240,875";"0,6517920000000004";"1,6108330000000137";"2,1976669999999103";"1,6031659999998737";"41";"41";"265,71875";"0";"0"
"boutique";"rustyx";"api-post";"3";"13025,737954331593";"0,12051275490622522";"156,97705958181547";"157,859375";"0,26508400000011534";"0,5637079999999983";"0,7970829999999296";"0,5487919999999917";"41";"41";"167,484375";"0";"0"
"boutique";"next";"mixed";"3";"2167,0644764176986";"0,5755926575039203";"124,72538666693524";"332,46875";"0,9319579999992129";"5,509833999999955";"6,687375000000429";"4,40729199999987";"5053,613599889954";"5053,613599889954";"350,59375";"0";"0"
"boutique";"rustyx";"mixed";"3";"8962,479497071989";"0,21260840784912097";"190,08679847184615";"281,578125";"0,43237499999941065";"1,035916000000043";"1,5617079999999532";"1,006958999999938";"3780,300074750923";"3780,300074750923";"283,65625";"0";"0"
"boutique";"next";"image-hot";"3";"16837,763999334744";"0,07660484174271066";"128,9854246470149";"215,984375";"0,20183300000007875";"0,3685419999999908";"0,8510000000001128";"0,3627089999999953";"2254";"2254";"221,6875";"0";"0"
"boutique";"rustyx";"image-hot";"3";"30057,207583027317";"0,07752366017691296";"232,97363196667615";"14,28125";"0,12070900000003348";"0,19666700000016135";"0,2898750000003929";"0,19316699999990306";"2254";"2254";"14,3125";"0";"0"
"boutique-node";"next";"static";"3";"9623,263401925262";"0,12967305835287626";"124,64488842092372";"226,09375";"0,2972909999999729";"0,8197499999999991";"1,1458329999998114";"0,8061250000000086";"7531";"7531";"237,40625";"0";"0"
"boutique-node";"rustyx";"static";"3";"27866,99927222937";"0,08695132161224733";"245,9695168337991";"8,671875";"0,12941599999999198";"0,21083299999986593";"0,30787500000019463";"0,20299999999997453";"6323";"6323";"8,8125";"0";"0"
"boutique-node";"next";"runtime";"3";"10146,06485667742";"0,12409547820961987";"125,64683017335307";"230,03125";"0,2792090000000371";"0,7843750000000114";"1,1182080000000951";"0,7756250000000477";"5872";"5872";"240,625";"0";"0"
"boutique-node";"rustyx";"runtime";"3";"28214,592451697452";"0,09162024416261705";"257,6426271495787";"8,75";"0,13104199999997945";"0,20012499999984357";"0,2836660000000393";"0,19487499999991087";"4009";"4009";"8,828125";"0";"0"
"boutique-node";"next";"mixed";"3";"7343,243709194019";"0,16149034464901402";"118,49280798422515";"259,125";"0,4095839999999953";"0,9454579999996895";"1,4197080000000142";"0,9358750000001237";"5049,033797676921";"5049,033797676921";"265,515625";"0";"0"
"boutique-node";"rustyx";"mixed";"3";"25989,79555511468";"0,10619183015463224";"275,5903945172714";"163,921875";"0,14041699999961565";"0,22837499999968713";"0,34916700000030687";"0,2211250000000291";"3705,0102811409";"3705,0102811409";"164,84375";"0";"0"
"journal";"next";"static";"3";"14383,77371306683";"0,10751193289772464";"154,64825496712214";"200,3125";"0,24337500000001455";"0,45529200000001424";"0,8427910000000338";"0,4479170000000181";"2150";"2150";"203,296875";"0";"0"
"journal";"rustyx";"static";"3";"33697,37030109784";"0,07215975834871623";"240,97485154319315";"8,640625";"0,10854199999999992";"0,17695800000001327";"0,2554169999998521";"0,17337500000007822";"1840";"1840";"8,671875";"0";"0"
"journal";"next";"isr-hit";"3";"9187,719402851812";"0,13614802476735344";"124,63572929512435";"211,015625";"0,307166000000052";"0,8738329999999905";"1,2615409999999656";"0,8683330000000069";"1987";"1987";"226,0625";"0";"0"
"journal";"rustyx";"isr-hit";"3";"31114,763775031945";"0,08055272883080714";"249,97331884783944";"81,84375";"0,1183330000000069";"0,18258300000002237";"0,26849999999999596";"0,17891700000018318";"1693";"1693";"85,953125";"0";"0"
"journal";"next";"ssr";"3";"4141,259942223449";"0,32027037901343847";"132,96251383415392";"186,15625";"0,8377499999999145";"1,884458000000052";"2,438291000000163";"1,8647080000000074";"1805,4239156674982";"1805,4239156674982";"222,390625";"0";"0"
"journal";"rustyx";"ssr";"3";"12928,81622984377";"0,11312683605627996";"145,9791067403478";"105,015625";"0,27912500000002183";"0,4480830000000253";"0,6412499999999994";"0,430499999999995";"1488,5680037121056";"1488,5680037121056";"118,28125";"0";"0"
"journal";"next";"api-pages";"3";"11873,842052937865";"0,10695786084278315";"127,31487093707754";"218,109375";"0,23291700000004312";"0,6878750000000764";"1,0451659999999947";"0,684791000000132";"35";"35";"226,390625";"0";"0"
"journal";"rustyx";"api-pages";"3";"19226,720832467985";"0,08303430582280237";"159,64753333552315";"131,3125";"0,18483399999968242";"0,2867920000000055";"0,7480410000000575";"0,28220799999999713";"35";"35";"135,984375";"0";"0"
"journal";"next";"mixed";"3";"6875,311315962781";"0,1797635149875649";"123,495415751371";"247,203125";"0,388292000000547";"1,486417000000074";"2,053291000000172";"1,482582999999977";"1495,0979682068735";"1495,0979682068735";"250,9375";"0";"0"
"journal";"rustyx";"mixed";"3";"25565,161543823986";"0,08472156488474973";"216,9922922384866";"227,390625";"0,13833400000021356";"0,2522499999995489";"0,4626250000001164";"0,244083000000046";"1265,2090072400563";"1265,2090072400563";"230,484375";"0";"0"
"dashboard";"next";"ppr-html";"3";"797,6671733719106";"1,7418546365914787";"138,56323115449507";"250,640625";"4,856583000000228";"6,914541999999997";"8,598292";"1,8225000000002183";"8771,072681704261";"8771,072681704261";"269,5";"0";"0"
"dashboard";"rustyx";"ppr-html";"3";"916,7981660392131";"1,7981520966595594";"165,17685810223384";"210,40625";"4,038125000000036";"5,8465419999999995";"7,879500000000007";"4,786207999999988";"7338,4515074464225";"7338,4515074464225";"246,25";"0";"0"
"dashboard";"next";"api-session";"3";"5792,368129717768";"0,23301306023819113";"134,9697423931705";"229,78125";"0,5882500000000164";"1,4473749999999654";"2,014125000000007";"1,4373750000000314";"26,360796271791035";"26,360796271791035";"255,359375";"0";"0"
"dashboard";"rustyx";"api-session";"3";"12161,844923645811";"0,1400844344536433";"170,3063870593912";"160,859375";"0,28370799999993324";"0,5742919999999998";"0,8476249999999936";"0,5500410000000073";"26,69554136636431";"26,69554136636431";"169,609375";"0";"0"
"dashboard";"next";"static";"3";"8155,535290328463";"0,15487720158555024";"126,3106570336974";"215,921875";"0,3625419999999622";"0,9900829999999132";"1,383874999999989";"0,9788330000000087";"7507";"7507";"240,140625";"0";"0"
"dashboard";"rustyx";"static";"3";"5989,052424745992";"0,22484945583116955";"134,63787099200826";"152,375";"0,5902089999999589";"1,008874999999989";"1,6814169999998967";"0,9994580000000042";"5447";"5447";"153,796875";"0";"0"
"dashboard";"next";"mixed";"3";"1795,4958430041947";"0,7272524780042321";"130,57788010710985";"285,78125";"1,0489999999999782";"5,891166999999996";"7,342333000000053";"1,7166660000002594";"5435,3811114823475";"5435,3811114823475";"291,671875";"0";"0"
"dashboard";"rustyx";"mixed";"3";"2192,729456131032";"0,7012904108339792";"153,77401411378995";"260,671875";"1,6515420000000631";"2,827291999999943";"3,7846250000000055";"2,235916999999972";"4271,129269071178";"4271,129269071178";"271,140625";"0";"0"
"dashboard";"next";"ppr-flight";"3";"1353,4869336181519";"1,0187007874015748";"139,23176955876397";"242,4375";"2,752375000000029";"4,58566699999983";"6,490417000000001";"4,551124999999956";"4649,72687007874";"4649,72687007874";"280,296875";"0";"0"
"dashboard";"rustyx";"ppr-flight";"3";"1214,9595896047686";"1,3733552631578947";"166,85711469078646";"208,140625";"3,120832999999948";"4,313875000000003";"6,612333000000035";"4,250708999999972";"3592,6957236842104";"3592,6957236842104";"230,234375";"0";"0"
"portail";"next";"ssr";"3";"1505,191966750153";"0,9276068186849679";"139,62263317872794";"258,09375";"2,4615830000000187";"3,845458000000008";"5,063167000000021";"3,8164170000000013";"6346,5085233562095";"6346,5085233562095";"281,59375";"0";"0"
"portail";"rustyx";"ssr";"3";"2867,7377174480366";"0,5662566720816895";"160,92916434616032";"225,609375";"1,2382909999998901";"2,1909999999999172";"3,4494589999999334";"2,1104170000000977";"4321,824561403509";"4321,824561403509";"358,4375";"0";"0"
"portail";"next";"ssr-search";"3";"1211,764676300451";"1,1847168774051677";"143,5598063456554";"256,6875";"3,0885000000000673";"4,628041999999937";"6,32808399999999";"4,575917000000118";"11841,474436503573";"11841,474436503573";"303,59375";"0";"0"
"portail";"rustyx";"ssr-search";"3";"2268,2054371808877";"0,7123971797884842";"161,586315662857";"220,625";"1,5965419999999995";"2,589958000000024";"3,7306659999999283";"2,506458000000066";"9779,184782608696";"9779,184782608696";"238,046875";"0";"0"
"portail";"next";"api-fast";"3";"5846,047771838845";"0,22973435184129518";"134,6340796096478";"237,625";"0,5742079999999987";"1,4357919999999922";"1,9714159999999978";"1,4240829999998823";"38,36666286626382";"38,36666286626382";"268,046875";"0";"0"
"portail";"rustyx";"api-fast";"3";"14754,473168322309";"0,11881635419019652";"175,30727098571347";"161,40625";"0,2313329999999496";"0,48099999999999454";"0,7428329999997914";"0,459959000000012";"38,74903998192907";"38,74903998192907";"170,03125";"0";"0"
"portail";"next";"api-async";"3";"120,69603145251307";"1,4285714285714286";"17,289438572423187";"125,5";"32,71462499999984";"35,66208299999994";"37,98329200000012";"35,47529099999997";"41,6978021978022";"41,6978021978022";"133,875";"0";"0"
"portail";"rustyx";"api-async";"3";"30,853189100296422";"2,021276595744681";"6,09157700017879";"77,3125";"129,28787499999999";"131,29845799999998";"132,618833";"131,0607500000001";"40,895833333333336";"40,895833333333336";"79,140625";"0";"0"
"portail";"next";"stream";"3";"47,4696734131862";"4,097222222222222";"19,19947074543694";"135,96875";"83,83141699999999";"87,603791";"90,06612500000006";"10,545167000000003";"7520,472222222223";"7520,472222222223";"144,015625";"0";"0"
"portail";"rustyx";"stream";"3";"11,913193904128281";"5,897435897435898";"7,015639576397208";"116,515625";"334,8412080000003";"338,893708";"338,94495800000004";"258,143833";"5062,74358974359";"5062,74358974359";"121,5";"0";"0"
"portail";"next";"proxy";"3";"1116,0324928314228";"1,2943632567849688";"144,24073876037005";"264,328125";"3,40787499999999";"5,188250000000039";"6,950917000000004";"5,1606669999999895";"6308,337511190689";"6308,337511190689";"294,375";"0";"0"
"portail";"rustyx";"proxy";"3";"2706,5823051407115";"0,7386433583651361";"199,91990435607866";"337,875";"1,3107080000002043";"2,2927079999999904";"3,5540829999999914";"2,2127920000000074";"3775,4699002831467";"3775,4699002831467";"375,171875";"0";"0"
"portail";"next";"export-gzip";"3";"2217,2033435008025";"0,5553887721404983";"122,93257832403613";"234,015625";"1,522416000000021";"3,121832999999924";"4,050166999999874";"2,949707999999987";"141815";"141815";"286,9375";"0";"0"
"portail";"rustyx";"export-gzip";"3";"1545,1559677502746";"0,8542387543252595";"132,56565534912897";"152,9375";"2,4323339999998552";"3,3951250000000073";"4,825249999999869";"2,978625000000193";"6718,721707264496";"141815";"168,375";"0";"0"
"portail";"next";"mixed";"3";"461,3355470213596";"1,0580357142857142";"47,88950315100619";"195,34375";"1,4756250000000364";"31,396333000000595";"32,34587499999998";"31,377125000000888";"4567,2093425605535";"4567,2093425605535";"230,03125";"0";"0"
"portail";"rustyx";"mixed";"3";"111,734562555205";"1,840929401251117";"20,569544134380905";"158,078125";"35,25516700000003";"39,15391700000009";"40,74037499999986";"38,92900000000009";"3546,697944593387";"3546,697944593387";"177";"0";"0"
"portail";"next";"export-identity";"3";"2197,3320215826466";"0,5579984836997727";"122,92935831643184";"239,296875";"1,514332999999965";"3,1097500000000764";"4,216916999999967";"2,9312499999998636";"141815";"141815";"293,515625";"0";"0"
"portail";"rustyx";"export-identity";"3";"2705,6024251676668";"0,5307881773399015";"142,93223625558795";"154,46875";"1,3410829999999692";"2,4158749999999145";"3,61979099999985";"2,118832999999995";"141815";"141815";"170";"0";"0"
"documentation";"next";"static-large";"3";"5299,709349025745";"0,22804159879714322";"120,61453441137431";"169,609375";"0,6057909999999538";"1,367666999999983";"1,7588329999999814";"1,32162500000004";"43486";"43486";"213,140625";"0";"0"
"documentation";"rustyx";"static-large";"3";"13938,368218551672";"0,07335610178459763";"101,65233511054876";"8,21875";"0,2529999999997017";"0,4408339999999953";"0,5625";"0,3980420000000038";"43023";"43023";"8,34375";"0";"0"
"documentation";"next";"static-gzip";"3";"4654,7410838147935";"0,3501109758716976";"162,96759432844806";"209,328125";"0,7459590000000844";"1,2985840000000053";"1,8272920000000568";"1,1331670000000145";"1192";"43486";"228,046875";"0";"0"
"documentation";"rustyx";"static-gzip";"3";"13281,390929909834";"0,08871798738344769";"117,65021199036747";"8,21875";"0,2830830000000333";"0,43762500000000415";"0,5882090000000062";"0,38437500000009095";"1078";"43023";"8,296875";"0";"0"
"documentation";"next";"public-gzip";"3";"3163,068852276672";"0,6636468977141051";"209,91608310695284";"194,90625";"1,129917000000006";"2,008792000000085";"2,7731659999999465";"1,6556250000001";"843";"253952";"211,515625";"0";"0"
"documentation";"rustyx";"public-gzip";"3";"3146,1271868230847";"0,35074784074152093";"110,29105050184718";"17,46875";"1,2225419999999758";"1,5598750000001473";"1,839917000000014";"1,2519170000000486";"910,9941333333334";"253952";"18,84375";"0";"0"
"documentation";"next";"isr-hit";"3";"12480,289335061036";"0,09987715643860492";"124,64863241942912";"212,8125";"0,2226660000001175";"0,6298750000000268";"0,9495830000000751";"0,6251250000000255";"1669";"1669";"220,609375";"0";"0"
"documentation";"rustyx";"isr-hit";"3";"29033,04776009515";"0,09160936298201104";"265,97264178809303";"8,328125";"0,12649999999985084";"0,19795799999999986";"0,28654099999994287";"0,19487499999999613";"1131";"1131";"8,390625";"0";"0"
"documentation";"next";"api-pages";"3";"12365,642162770464";"0,10295940919626975";"126,98280267670586";"212,140625";"0,22041699999999764";"0,6739169999999888";"1,02862499999992";"0,664291999999989";"33,70055522613336";"33,70055522613336";"215,140625";"0";"0"
"documentation";"rustyx";"api-pages";"3";"20512,617972237975";"0,08067144719687093";"165,64743085875818";"134,328125";"0,16745800000012423";"0,29520800000000236";"0,744083000000046";"0,28449999999998";"33,81948168007149";"33,81948168007149";"135,203125";"0";"0"
"documentation";"next";"mixed";"3";"9329,72060080917";"0,1297810547523872";"121,08209801180897";"226,1875";"0,2967500000004293";"0,9559170000002268";"1,449957999999981";"0,9473339999995005";"13122,610506799841";"13122,610506799841";"229,359375";"0";"0"
"documentation";"rustyx";"mixed";"3";"23905,093691388036";"0,08303285340204633";"197,6926647915963";"135,03125";"0,15320800000063173";"0,23508299999957671";"0,3948339999997188";"0,2206659999992553";"12746,936083733915";"12746,936083733915";"135,984375";"0";"0"
"documentation";"next";"static-rotation";"3";"5305,763122803131";"0,22861449566637357";"120,97245021807714";"174,71875";"0,5974160000000666";"1,3795410000000174";"1,7190839999999525";"1,337083000000007";"43485,497550558975";"43485,497550558975";"230,5";"0";"0"
"documentation";"rustyx";"static-rotation";"3";"14041,688543793061";"0,09225488092683973";"129,98168882958615";"21,328125";"0,2675420000000486";"0,39804199999980483";"0,5431670000000395";"0,3562080000001515";"43022,3992705428";"43022,3992705428";"22,15625";"0";"0"
