"site","scenario","engine","repetition","concurrency","durationMs","requestsPerSecond","cpuMsPerRequest","loadMedianRssMiB","p95Ms","sampledPeakRssMiB","cpuPercentOneCore","requests","errors","attempts","cpuValid","reachedCap","recoveryErrors"
"dashboard","ppr-flight","before","1","4","6000","1685.3422785243242","1.106277805239743","227.078125","3.4165420000000495","229.5","186.4456756963637","10115","0","10115","true","false",""
"dashboard","ppr-flight","next","1","4","6000","1441.2398259806055","0.8726306056403142","260.359375","4.383874999999989","267.453125","125.7669982218397","8652","0","8652","true","false",""
"dashboard","ppr-flight","rustyx","1","4","6000","1945.696847252176","0.9487926014728549","229.6875","2.9175830000000076","230.984375","184.60627733819243","11678","0","11678","true","false",""
"dashboard","ppr-flight","next","2","4","6000","1452.9110621074296","0.8690667278147215","255.28125","4.319875000000138","262.578125","126.26766625515154","8722","0","8722","true","false",""
"dashboard","ppr-flight","rustyx","2","4","6000","1920.052040978545","0.9693656165929011","224.328125","3.1652500000000003","225.171875","186.12324305936255","11523","0","11523","true","false",""
"dashboard","ppr-flight","before","2","4","6000","1715.3537898184786","1.0580005829204313","242.328125","3.2902500000000146","247.703125","181.48453095427215","10293","0","10293","true","false",""
"dashboard","ppr-flight","rustyx","3","4","6000","1987.4255925990387","0.9406438631790744","228.734375","2.896208999999999","229.125","186.9459687203321","11928","0","11928","true","false",""
"dashboard","ppr-flight","before","3","4","6000","1716.7744959622007","1.0664725861232411","239.640625","3.2725420000000156","253.515625","183.0892936499232","10305","0","10305","true","false",""
"dashboard","ppr-flight","next","3","4","6000","1452.3816525639938","0.8661236663989904","265.21875","4.325917000000004","274.15625","125.79421219293508","8717","0","8717","true","false",""
"portail","api-fast","before","1","4","6000","17155.555479354567","0.12375900992792058","174.015625","0.3876249999999857","177.65625","212.3154560888434","102942","0","102942","true","false",""
"portail","api-fast","next","1","4","6000","6592.935549125511","0.19083487096529586","267.46875","1.2317090000000235","269.6875","125.8162004799879","39563","0","39563","true","false",""
"portail","api-fast","rustyx","1","4","6000","16638.026208399337","0.12670780079330102","173.4375","0.42645899999999415","176.40625","210.81677104075845","99836","0","99836","true","false",""
"portail","api-fast","next","2","4","6000","6634.466868630086","0.19039963829092463","252.546875","1.213707999999997","254.484375","126.32000920402916","39811","0","39811","true","false",""
"portail","api-fast","rustyx","2","4","6000","16489.3060148479","0.1282556623510506","174","0.41962499999999636","176.953125","211.48468646434802","98943","0","98943","true","false",""
"portail","api-fast","before","2","4","6000","16042.27743865346","0.13172657386245584","175","0.43312499999956344","179.34375","211.31942439447943","96260","0","96260","true","false",""
"portail","api-fast","rustyx","3","4","6000","15754.012792882011","0.13434746273709153","176.578125","0.4527499999999236","179.375","211.65116466513794","94531","0","94531","true","false",""
"portail","api-fast","before","3","4","6000","15644.667153769245","0.1347536617842876","173.78125","0.45325000000002547","179.5625","210.81761863667745","93875","0","93875","true","false",""
"portail","api-fast","next","3","4","6000","6585.089949114067","0.1913197519929141","262.5625","1.2339170000000195","264.28125","125.98577759155344","39515","0","39515","true","false",""
"portail","api-async","before","1","4","6000","118.31017266003649","1.1376404494382022","85.609375","35.472083999999995","92.609375","13.459443799807522","712","0","712","true","false",""
"portail","api-async","next","1","4","6000","116.00965165034796","1.4857142857142858","130.96875","37.06275000000005","143.765625","17.235719673765985","700","0","700","true","false",""
"portail","api-async","rustyx","1","4","6000","118.13983765510231","1.0814606741573034","86.265625","35.61829200000011","94.625","12.776358847532132","712","0","712","true","false",""
"portail","api-async","next","2","4","6000","116.15200840353408","1.457142857142857","131.234375","36.70258299999978","146.265625","16.92500693880068","700","0","700","true","false",""
"portail","api-async","rustyx","2","4","6000","118.22196489388789","1.1235955056179776","83.953125","35.58233300000029","92.46875","13.283366842009876","712","0","712","true","false",""
"portail","api-async","before","2","4","6000","118.04983088025375","1.1376404494382022","85.625","35.593666999999996","93.140625","13.429826265871565","712","0","712","true","false",""
"portail","api-async","rustyx","3","4","6000","117.81424538174838","1.1299435028248588","84.796875","35.782875","91.828125","13.31234411093202","708","0","708","true","false",""
"portail","api-async","before","3","4","6000","117.74859285991013","1.115819209039548","84.15625","35.862000000000535","92.25","13.13861417504647","708","0","708","true","false",""
"portail","api-async","next","3","4","6000","117.1896872538541","1.3068181818181819","130.5","36.3548330000001","144.75","15.314561402492298","704","0","704","true","false",""
"portail","async-64","before","1","64","6000","466.5604764428564","0.526685393258427","118.328125","142.96737500000017","133.828125","24.573058801414486","2848","0","2848","true","false",""
"portail","async-64","next","1","64","6000","1924.9931221313327","0.29961256995264746","252.34375","35.0688339999997","264.1875","57.67521364629391","11615","0","11615","true","false",""
"portail","async-64","rustyx","1","64","6000","1906.320089738008","0.2810754189944134","146.59375","35.32641700000022","148.75","53.581971796057836","11456","0","11456","true","false",""
"portail","async-64","next","2","64","6000","1932.7856426246929","0.2961881868131868","251.734375","35.01150000000007","280.25","57.24682749875678","11648","0","11648","true","false",""
"portail","async-64","rustyx","2","64","6000","1906.107167531155","0.2784567039106145","150.546875","35.443583999999646","151.796875","53.076831917112294","11456","0","11456","true","false",""
"portail","async-64","before","2","64","6000","463.8893648395956","0.5755649717514124","119.265625","142.03845900000033","132.734375","26.699846916968248","2832","0","2832","true","false",""
"portail","async-64","rustyx","3","64","6000","1891.682770926694","0.2773876404494382","150.671875","35.64879199999996","152.46875","52.47294203062108","11392","0","11392","true","false",""
"portail","async-64","before","3","64","6000","465.8905567165618","0.5882352941176471","119.5","143.0253330000005","136.015625","27.405326865680106","2856","0","2856","true","false",""
"portail","async-64","next","3","64","6000","1923.882988234893","0.3055939226519337","254.90625","35.12712499999998","266.859375","58.7926949098025","11584","0","11584","true","false",""
"portail","async-512","before","1","512","6000","488.60935770366456","2.042910447761194","135.8125","569.9309999999999","150.359375","99.81851617267027","3216","229753","232969","true","false",""
"portail","async-512","next","1","512","6000","5701.498836707932","0.24579299216228676","352.328125","86.1882499999997","370.71875","140.138845888424","34704","0","34704","true","false",""
"portail","async-512","rustyx","1","512","6000","13436.641984653383","0.19089610325631803","284.734375","44.12474999999995","286.9375","256.500259572057","81196","0","81196","true","false",""
"portail","async-512","next","2","512","6000","5716.17510168958","0.24488852951368834","387.078125","108.66312500000004","388.59375","139.98257150955192","34628","0","34628","true","false",""
"portail","async-512","rustyx","2","512","6000","13621.14586418577","0.19073900728187798","285.453125","42.39629200000036","288.296875","259.80838401764515","82259","0","82259","true","false",""
"portail","async-512","before","2","512","6000","486.94590902827343","2.084375","140.171875","573.0473329999995","154.140625","101.49778791308074","3200","229910","233110","true","false",""
"portail","async-512","rustyx","3","512","6000","13641.161196971565","0.1901662436702328","286.421875","42.56841600000007","292.984375","259.4088384128219","82349","0","82349","true","false",""
"portail","async-512","before","3","512","6000","487.8999169363504","2.096875","137.375","572.8402080000001","156.328125","102.30651383259098","3200","225412","228612","true","false",""
"portail","async-512","next","3","512","6000","5741.309105401883","0.2448779926335175","374.4375","105.272292","392.546875","140.59202488193492","34752","0","34752","true","false",""
"portail","proxy-64","before","1","64","6000","3304.252426502802","0.6034396057527909","261.984375","25.425917000000027","385.15625","199.39167815565534","19886","0","19886","true","false",""
"portail","proxy-64","next","1","64","6000","1279.3451634724331","1.1024440977639105","320.09375","65.223791","327.46875","141.04065244729892","7692","0","7692","true","false",""
"portail","proxy-64","rustyx","1","64","6000","3933.3944052196202","0.5918910920390648","418.8125","21.67645799999991","421.203125","232.8141109925789","23653","0","23653","true","false",""
"portail","proxy-64","next","2","64","6000","1284.4103708678574","1.0968992248062015","465.40625","66.756708","474.796875","140.88687401379985","7740","0","7740","true","false",""
"portail","proxy-64","rustyx","2","64","6000","3940.131248282471","0.5937209891130053","278.28125","21.37041699999918","287.203125","233.9338621965329","23698","0","23698","true","false",""
"portail","proxy-64","before","2","64","6000","3318.2518578659824","0.6085040316522262","268.5625","25.138874999999985","277.515625","201.91696335489402","19967","0","19967","true","false",""
"portail","proxy-64","rustyx","3","64","6000","3936.7466282130476","0.5946197052240382","277.78125","21.83633400000008","285.875","234.08671196097688","23679","0","23679","true","false",""
"portail","proxy-64","before","3","64","6000","3313.6287959375627","0.6123370110330993","260.640625","25.486834000000044","275.515625","202.90575525776148","19940","0","19940","true","false",""
"portail","proxy-64","next","3","64","6000","1314.3399687076792","1.075540933822599","332.5","63.64720799999998","341.71875","141.3626437304223","7903","0","7903","true","false",""
"portail","mixed-64","before","1","64","6000","1947.7605953124983","0.5085176709890669","233.90625","60.358374999999796","242.09375","99.047068157259","11799","0","11799","true","false",""
"portail","mixed-64","next","1","64","6000","1941.139561596571","0.7332479726845924","312.75","54.958000000000084","321.671875","142.3336648238544","11715","0","11715","true","false",""
"portail","mixed-64","rustyx","1","64","6000","5917.8816619714535","0.3835271046365037","271.453125","33.30754199999956","275.640625","226.96680193973722","35695","0","35695","true","false",""
"portail","mixed-64","next","2","64","6000","1975.7420980414786","0.7230330481462842","391.90625","53.027792000000005","400.953125","142.8526831497865","11922","0","11922","true","false",""
"portail","mixed-64","rustyx","2","64","6000","5836.6699016160355","0.3905806158391092","274.15625","33.35583299999962","282.84375","227.96901246227839","35204","0","35204","true","false",""
"portail","mixed-64","before","2","64","6000","1947.196803258437","0.5294815316841749","231.1875","60.21920799999998","240.78125","103.10047458798061","11804","0","11804","true","false",""
"portail","mixed-64","rustyx","3","64","6000","5814.954368401912","0.3849114703618168","276.71875","33.583707999999206","281.875","223.82426360284495","35073","0","35073","true","false",""
"portail","mixed-64","before","3","64","6000","1953.440899827335","0.5072708826513358","238.75","60.26545800000076","247.75","99.09236894626319","11828","0","11828","true","false",""
"portail","mixed-64","next","3","64","6000","1961.0934275694908","0.722972972972973","338.671875","54.55295800000005","344.078125","141.78175456076724","11840","0","11840","true","false",""
"portail","mixed-128","before","1","128","6000","1956.6336326850958","0.503028263795424","238.109375","92.72145799999998","253.703125","98.4242019133317","11888","0","11888","true","false",""
"portail","mixed-128","next","1","128","6000","1966.7231590115853","0.7388706555583607","358.703125","112.54595800000016","369.96875","145.31540298007","11883","0","11883","true","false",""
"portail","mixed-128","rustyx","1","128","6000","6005.532251606124","0.3843392788116406","284.984375","35.397790999999984","288","230.8161934462346","36218","0","36218","true","false",""
"portail","mixed-128","next","2","128","6000","1965.28223208248","0.7369395137545217","354.484375","107.25437499999998","370.859375","144.8294132501264","11887","0","11887","true","false",""
"portail","mixed-128","rustyx","2","128","6000","5941.84666680083","0.39069040575989283","283.515625","35.61395900000025","289.875","232.1422485215483","35834","0","35834","true","false",""
"portail","mixed-128","before","2","128","6000","1943.698326397934","0.4982687273034372","236.15625","93.20279200000004","250.75","96.84840913561194","11841","0","11841","true","false",""
"portail","mixed-128","rustyx","3","128","6000","5971.237816085512","0.38283223675078426","285.203125","35.62741700000015","292.15625","228.59823293028848","36021","0","36021","true","false",""
"portail","mixed-128","before","3","128","6000","1955.3628456584381","0.500673174015483","242.703125","92.74933400000009","248.71875","97.89977222877573","11884","0","11884","true","false",""
"portail","mixed-128","next","3","128","6000","1973.5485496227768","0.7347520107238605","358.28125","109.767292","367.859375","145.0068765096494","11936","0","11936","true","false",""
"portail","sustained-async","before","1","512","45000","494.1981463505593","2.134417199715707","162.84375","570.0875840000008","163.609375","105.48250236382539","22512","1703418","1725930","true","false","0"
"portail","sustained-async","next","1","512","45000","6045.93514181163","0.2193523289440848","392.21875","110.70883300000014","406.578125","132.61899540012666","272484","0","272484","true","false","0"
"portail","sustained-async","rustyx","1","512","45000","11766.683641356727","0.2128542775577514","292.0625","52.33966700000019","293.734375","250.4588945731598","529987","0","529987","true","false","0"
"portail","overload-1024","before","1","1024","6000","484.9373322057527","2.2613065326633164","151.765625","605.6275840000001","166.6875","109.65919572491894","3184","238068","241252","true","false","0"
"portail","overload-1024","next","1","1024","6000","4559.581411026581","0.24730465710792487","438.75","196.06604199999992","440.625","112.76057174095969","35988","106","36094","true","false","0"
"portail","overload-1024","rustyx","1","1024","6000","11059.236665916964","0.32327297116029513","300.796875","103.18737499999952","312.859375","357.51522957558524","67095","114176","181271","true","false","0"
"dashboard","ppr-html","before","1","4","6000","1350.5203450017134","1.429804018242327","255.421875","4.249791000000187","267.484375","193.09794160014636","8113","0","8113","true","false",""
"dashboard","ppr-html","next","1","4","6000","855.2820634392099","1.5760763685953634","268.65625","6.5471669999997175","275.296875","134.7989848670019","5133","0","5133","true","false",""
"dashboard","ppr-html","rustyx","1","4","6000","1473.1005442357546","1.3120687705010745","265.6875","3.8903329999999983","270.953125","193.28092198998704","8841","0","8841","true","false",""
"dashboard","ppr-html","next","2","4","6000","858.1472419853352","1.578334304018637","262.609375","6.616041999999879","283.546875","135.44432299244372","5151","0","5151","true","false",""
"dashboard","ppr-html","rustyx","2","4","6000","1460.6749061149415","1.360784761035702","263.015625","3.955708999999999","273.34375","198.7664153068467","8767","0","8767","true","false",""
"dashboard","ppr-html","before","2","4","6000","1318.649986041524","1.4242385947175533","270.515625","4.342959000000064","278.140625","187.80722030441015","7913","0","7913","true","false",""
"dashboard","ppr-html","rustyx","3","4","6000","1430.2928238798252","1.3525163094128612","265.375","4.065583999999944","267.609375","193.44943715336407","8584","0","8584","true","false",""
"dashboard","ppr-html","before","3","4","6000","1284.2934842060788","1.521598132053444","265.109375","4.3600830000000315","272.953125","195.41785665763788","7709","0","7709","true","false",""
"dashboard","ppr-html","next","3","4","6000","827.1954121995435","1.6270640354409989","262.75","7.015084000000002","277.03125","134.58999054716696","4966","0","4966","true","false",""
"dashboard","mixed-64","before","1","64","6000","2949.6044726108776","0.8205012925705294","274.90625","45.52216700000008","291.5","242.01542823490396","17794","0","17794","true","false",""
"dashboard","mixed-64","next","1","64","6000","1746.1715209316199","0.8362634229782382","340.40625","90.46354200000042","343.5","146.02593732013926","10523","0","10523","true","false",""
"dashboard","mixed-64","rustyx","1","64","6000","2954.300982282528","0.8086298683104511","260.75","70.05391699999996","280.96875","238.8936014252557","17845","0","17845","true","false",""
"dashboard","mixed-64","next","2","64","6000","1706.9071903859551","0.8517258142926593","332.375","93.56287500000008","341.609375","145.3816916653473","10285","0","10285","true","false",""
"dashboard","mixed-64","rustyx","2","64","6000","2801.4115250047425","0.8495887191539365","269.21875","74.16858300000013","281.671875","238.0047629351855","17020","0","17020","true","false",""
"dashboard","mixed-64","before","2","64","6000","2721.6087331448007","0.8804533268340239","273.90625","50.25216599999999","288.40625","239.6249463437873","16412","0","16412","true","false",""
"dashboard","mixed-64","rustyx","3","64","6000","2845.5556174026897","0.8418545201022543","271.53125","73.33879100000001","297.90625","239.5543858712815","17212","0","17212","true","false",""
"dashboard","mixed-64","before","3","64","6000","2716.7647321883137","0.8887534288326729","265.484375","50.30116700000008","281.171875","241.45339710640422","16405","0","16405","true","false",""
"dashboard","mixed-64","next","3","64","6000","1675.4961870385366","0.8693930092088326","336.78125","94.81091700000002","344.53125","145.66646719673582","10099","0","10099","true","false",""
"dashboard","sustained-ppr","before","1","64","45000","3077.735482238769","0.7450991709896896","312.796875","43.24116700000013","314.484375","229.3218156341659","138599","0","138599","true","false","0"
"dashboard","sustained-ppr","next","1","64","45000","2080.4205736919657","0.617720221636222","351.84375","70.9965000000011","351.9375","128.5117857877557","93667","0","93667","true","false","0"
"dashboard","sustained-ppr","rustyx","1","64","45000","3094.661731816628","0.7455086599490802","298.84375","64.87554199999795","315.09375","230.70971206823143","139435","0","139435","true","false","0"
"journal","api-pages","before","1","4","6000","18693.191720875846","0.11741316596533771","136.90625","0.33816699999988487","137.015625","219.48268219450725","112168","0","112168","true","false",""
"journal","api-pages","next","1","4","6000","12489.234078744545","0.09780766716037521","218.234375","0.6409999999999911","220","122.15428498618618","74943","0","74943","true","false",""
"journal","api-pages","rustyx","1","4","6000","18597.3489670034","0.11855688579826511","139.03125","0.3422920000002705","139.578125","220.48437776315058","111592","0","111592","true","false",""
"journal","api-pages","next","2","4","6000","12649.198125998959","0.09683666881859264","216.015625","0.6085410000000024","217.859375","122.49062097481237","75901","0","75901","true","false",""
"journal","api-pages","rustyx","2","4","6000","18846.972424866155","0.11725174639667521","137.28125","0.3399590000003627","138.03125","220.98404311055373","113090","0","113090","true","false",""
"journal","api-pages","before","2","4","6000","19376.18591675922","0.1129316647314325","138.265625","0.3256249999994907","138.640625","218.81849317253565","116265","0","116265","true","false",""
"journal","api-pages","rustyx","3","4","6000","19226.738780411764","0.114329796824076","137.84375","0.3361249999998108","138.125","219.818913835406","115368","0","115368","true","false",""
"journal","api-pages","before","3","4","6000","19513.824250342503","0.11221849299274936","138.40625","0.32008399999995163","138.890625","218.98119498988027","117093","0","117093","true","false",""
"journal","api-pages","next","3","4","6000","12648.40587210822","0.0967112891324971","215.59375","0.6312080000002425","217.234375","122.32436373626322","75896","0","75896","true","false",""
