"site","scenario","engine","trials","requestsPerSecond_median","requestsPerSecond_min","requestsPerSecond_max","requestsPerSecond_sd","cpuMsPerRequest_median","cpuMsPerRequest_min","cpuMsPerRequest_max","cpuMsPerRequest_sd","loadMedianRssMiB_median","loadMedianRssMiB_min","loadMedianRssMiB_max","loadMedianRssMiB_sd","p95Ms_median","p95Ms_min","p95Ms_max","p95Ms_sd","sampledPeakRssMiB_median","sampledPeakRssMiB_min","sampledPeakRssMiB_max","sampledPeakRssMiB_sd","cpuPercentOneCore_median","cpuPercentOneCore_min","cpuPercentOneCore_max","cpuPercentOneCore_sd","valid_responses","errors","attempts"
"dashboard","ppr-flight","before","3","1715.3537898184786","1685.3422785243242","1716.7744959622007","17.751495285223687","1.0664725861232411","1.0580005829204313","1.106277805239743","0.025777640511527953","239.640625","227.078125","242.328125","8.140450054102251","3.2902500000000146","3.2725420000000156","3.4165420000000495","0.07852732276944391","247.703125","229.5","253.515625","12.52922689924276","183.0892936499232","181.48453095427215","186.4456756963637","2.5315845137977697","30713","0","30713"
"dashboard","ppr-flight","next","3","1452.3816525639938","1441.2398259806055","1452.9110621074296","6.5908816659466005","0.8690667278147215","0.8661236663989904","0.8726306056403142","0.0032584018051491867","260.359375","255.28125","265.21875","4.969151254762561","4.325917000000004","4.319875000000138","4.383874999999989","0.03533561830971113","267.453125","262.578125","274.15625","5.813067008634513","125.79421219293508","125.7669982218397","126.26766625515154","0.2815338430906648","26091","0","26091"
"dashboard","ppr-flight","rustyx","3","1945.696847252176","1920.052040978545","1987.4255925990387","34.00524404410475","0.9487926014728549","0.9406438631790744","0.9693656165929011","0.014801970623731354","228.734375","224.328125","229.6875","2.8590903774554475","2.9175830000000076","2.896208999999999","3.1652500000000003","0.14954310997501555","229.125","225.171875","230.984375","2.9684347420329678","186.12324305936255","184.60627733819243","186.9459687203321","1.1868879669175219","35129","0","35129"
"portail","api-fast","before","3","16042.27743865346","15644.667153769245","17155.555479354567","783.1842553472563","0.13172657386245584","0.12375900992792058","0.1347536617842876","0.00567931489090192","174.015625","173.78125","175","0.6466938152054649","0.43312499999956344","0.3876249999999857","0.45325000000002547","0.033620197922244584","179.34375","177.65625","179.5625","1.0431759898662034","211.31942439447943","210.81761863667745","212.3154560888434","0.7623871706523514","293077","0","293077"
"portail","api-fast","next","3","6592.935549125511","6585.089949114067","6634.466868630086","26.53451877656095","0.19083487096529586","0.19039963829092463","0.1913197519929141","0.000460280044533255","262.5625","252.546875","267.46875","7.605331317774723","1.2317090000000235","1.213707999999997","1.2339170000000195","0.01108538787474944","264.28125","254.484375","269.6875","7.706504921101286","125.98577759155344","125.8162004799879","126.32000920402916","0.25634950034575793","118889","0","118889"
"portail","api-fast","rustyx","3","16489.3060148479","15754.012792882011","16638.026208399337","473.33102177608646","0.1282556623510506","0.12670780079330102","0.13434746273709153","0.00403877749574316","174","173.4375","176.578125","1.6746472343078707","0.42645899999999415","0.41962499999999636","0.4527499999999236","0.017488976823471024","176.953125","176.40625","179.375","1.579980345012241","211.48468646434802","210.81677104075845","211.65116466513794","0.44159535112517734","293310","0","293310"
"portail","api-async","before","3","118.04983088025375","117.74859285991013","118.31017266003649","0.28103797463182156","1.1376404494382022","1.115819209039548","1.1376404494382022","0.01259849901821453","85.609375","84.15625","85.625","0.8435088389924158","35.593666999999996","35.472083999999995","35.862000000000535","0.19950752359861434","92.609375","92.25","93.140625","0.44806804612506496","13.429826265871565","13.13861417504647","13.459443799807522","0.1773007465125702","2132","0","2132"
"portail","api-async","next","3","116.15200840353408","116.00965165034796","117.1896872538541","0.6441437297065095","1.457142857142857","1.3068181818181819","1.4857142857142858","0.0961055414039576","130.96875","130.5","131.234375","0.3718399843458653","36.70258299999978","36.3548330000001","37.06275000000005","0.35397664924820155","144.75","143.765625","146.265625","1.2593724152165369","16.92500693880068","15.314561402492298","17.235719673765985","1.0312554106822513","2104","0","2104"
"portail","api-async","rustyx","3","118.13983765510231","117.81424538174838","118.22196489388789","0.21563488137652329","1.1235955056179776","1.0814606741573034","1.1299435028248588","0.026350919548678377","84.796875","83.953125","86.265625","1.1702419176534968","35.61829200000011","35.58233300000029","35.782875","0.1069249794122281","92.46875","91.828125","94.625","1.4652829202779691","13.283366842009876","12.776358847532132","13.31234411093202","0.3014346228621774","2132","0","2132"
"portail","async-64","before","3","465.8905567165618","463.8893648395956","466.5604764428564","1.3897480925925891","0.5755649717514124","0.526685393258427","0.5882352941176471","0.032501642415668906","119.265625","118.328125","119.5","0.6200979635307634","142.96737500000017","142.03845900000033","143.0253330000005","0.5537996564185894","133.828125","132.734375","136.015625","1.6707307221193166","26.699846916968248","24.573058801414486","27.405326865680106","1.4743739933925701","8536","0","8536"
"portail","async-64","next","3","1924.9931221313327","1923.882988234893","1932.7856426246929","4.8513405036079975","0.29961256995264746","0.2961881868131868","0.3055939226519337","0.004760441972957421","252.34375","251.734375","254.90625","1.6831783009260584","35.0688339999997","35.01150000000007","35.12712499999998","0.05781316006753866","266.859375","264.1875","280.25","8.606699523784267","57.67521364629391","57.24682749875678","58.7926949098025","0.7981212437371957","34847","0","34847"
"portail","async-64","rustyx","3","1906.107167531155","1891.682770926694","1906.320089738008","8.390070075720464","0.2784567039106145","0.2773876404494382","0.2810754189944134","0.001897378716849363","150.546875","146.59375","150.671875","2.3192644588766353","35.443583999999646","35.32641700000022","35.64879199999996","0.16317887413194995","151.796875","148.75","152.46875","1.9817485899978162","53.076831917112294","52.47294203062108","53.581971796057836","0.5552471391089744","34304","0","34304"
"portail","async-512","before","3","487.8999169363504","486.94590902827343","488.60935770366456","0.8347153992690332","2.084375","2.042910447761194","2.096875","0.028248103153720762","137.375","135.8125","140.171875","2.208621983886861","572.8402080000001","569.9309999999999","573.0473329999995","1.7425041042407974","154.140625","150.359375","156.328125","3.0196297889807617","101.49778791308074","99.81851617267027","102.30651383259098","1.269128542662235","9616","685075","694691"
"portail","async-512","next","3","5716.17510168958","5701.498836707932","5741.309105401883","20.132760987613352","0.24488852951368834","0.2448779926335175","0.24579299216228676","0.0005252599112505086","374.4375","352.328125","387.078125","17.588691268735005","105.272292","86.1882499999997","108.66312500000004","12.116231631970017","388.59375","370.71875","392.546875","11.630490554868054","140.138845888424","139.98257150955192","140.59202488193492","0.3165507581100923","104084","0","104084"
"portail","async-512","rustyx","3","13621.14586418577","13436.641984653383","13641.161196971565","112.74632537713258","0.19073900728187798","0.1901662436702328","0.19089610325631803","0.00038415108039472663","285.453125","284.734375","286.421875","0.8468307952792774","42.56841600000007","42.39629200000036","44.12474999999995","0.9521352537581089","288.296875","286.9375","292.984375","3.1724137473499576","259.4088384128219","256.500259572057","259.80838401764515","1.805692614611573","245804","0","245804"
"portail","proxy-64","before","3","3313.6287959375627","3304.252426502802","3318.2518578659824","7.132941000077539","0.6085040316522262","0.6034396057527909","0.6123370110330993","0.004462883248662069","261.984375","260.640625","268.5625","4.239368980043886","25.425917000000027","25.138874999999985","25.486834000000044","0.1858222521363126","277.515625","275.515625","385.15625","62.73166505147307","201.91696335489402","199.39167815565534","202.90575525776148","1.8121585951665904","59793","0","59793"
"portail","proxy-64","next","3","1284.4103708678574","1279.3451634724331","1314.3399687076792","18.912401338208976","1.0968992248062015","1.075540933822599","1.1024440977639105","0.01420506036541471","332.5","320.09375","465.40625","80.5540284367941","65.223791","63.64720799999998","66.756708","1.554801098467702","341.71875","327.46875","474.796875","81.25928282308351","141.04065244729892","140.88687401379985","141.3626437304223","0.24279038156121932","23335","0","23335"
"portail","proxy-64","rustyx","3","3936.7466282130476","3933.3944052196202","3940.131248282471","3.3684345143673515","0.5937209891130053","0.5918910920390648","0.5946197052240382","0.0013905360994149575","278.28125","277.78125","418.8125","81.28047705642993","21.67645799999991","21.37041699999918","21.83633400000008","0.23674884017573714","287.203125","285.875","421.203125","77.7511686214761","233.9338621965329","232.8141109925789","234.08671196097688","0.6948284001601378","71030","0","71030"
"portail","mixed-64","before","3","1947.7605953124983","1947.196803258437","1953.440899827335","3.4538013555892304","0.5085176709890669","0.5072708826513358","0.5294815316841749","0.012478988119120833","233.90625","231.1875","238.75","3.8306857931489673","60.26545800000076","60.21920799999998","60.358374999999796","0.07087557792573485","242.09375","240.78125","247.75","3.703135988028705","99.09236894626319","99.047068157259","103.10047458798061","2.32726830888586","35431","0","35431"
"portail","mixed-64","next","3","1961.0934275694908","1941.139561596571","1975.7420980414786","17.368917843297435","0.7230330481462842","0.722972972972973","0.7332479726845924","0.005915007909596818","338.671875","312.75","391.90625","40.35582196581378","54.55295800000005","53.027792000000005","54.958000000000084","1.0178321139055349","344.078125","321.671875","400.953125","40.87036878070509","142.3336648238544","141.78175456076724","142.8526831497865","0.5355484733636843","35477","0","35477"
"portail","mixed-64","rustyx","3","5836.6699016160355","5814.954368401912","5917.8816619714535","54.25394327350803","0.3849114703618168","0.3835271046365037","0.3905806158391092","0.0037373720533151805","274.15625","271.453125","276.71875","2.633125445050995","33.35583299999962","33.30754199999956","33.583707999999206","0.14749389584071085","281.875","275.640625","282.84375","3.9091968051581047","226.96680193973722","223.82426360284495","227.96901246227839","2.162518448403182","105972","0","105972"
"portail","mixed-128","before","3","1955.3628456584381","1943.698326397934","1956.6336326850958","7.12972718024663","0.500673174015483","0.4982687273034372","0.503028263795424","0.002379810898692174","238.109375","236.15625","242.703125","3.361021883141842","92.74933400000009","92.72145799999998","93.20279200000004","0.270210920299934","250.75","248.71875","253.703125","2.5063558529184027","97.89977222877573","96.84840913561194","98.4242019133317","0.8024456083357653","35613","0","35613"
"portail","mixed-128","next","3","1966.7231590115853","1965.28223208248","1973.5485496227768","4.415771602777563","0.7369395137545217","0.7347520107238605","0.7388706555583607","0.0020606517354323285","358.28125","354.484375","358.703125","2.323506324636324","109.767292","107.25437499999998","112.54595800000016","2.6469034497671924","369.96875","367.859375","370.859375","1.5407074014474649","145.0068765096494","144.8294132501264","145.31540298007","0.2459226873908914","35706","0","35706"
"portail","mixed-128","rustyx","3","5971.237816085512","5941.84666680083","6005.532251606124","31.874236398551023","0.3843392788116406","0.38283223675078426","0.39069040575989283","0.0041705077520952675","284.984375","283.515625","285.203125","0.9176722703848762","35.61395900000025","35.397790999999984","35.62741700000015","0.1288654478284675","289.875","288","292.15625","2.081431423524045","230.8161934462346","228.59823293028848","232.1422485215483","1.790615230591339","108073","0","108073"
"portail","sustained-async","before","1","494.1981463505593","494.1981463505593","494.1981463505593","","2.134417199715707","2.134417199715707","2.134417199715707","","162.84375","162.84375","162.84375","","570.0875840000008","570.0875840000008","570.0875840000008","","163.609375","163.609375","163.609375","","105.48250236382539","105.48250236382539","105.48250236382539","","22512","1703418","1725930"
"portail","sustained-async","next","1","6045.93514181163","6045.93514181163","6045.93514181163","","0.2193523289440848","0.2193523289440848","0.2193523289440848","","392.21875","392.21875","392.21875","","110.70883300000014","110.70883300000014","110.70883300000014","","406.578125","406.578125","406.578125","","132.61899540012666","132.61899540012666","132.61899540012666","","272484","0","272484"
"portail","sustained-async","rustyx","1","11766.683641356727","11766.683641356727","11766.683641356727","","0.2128542775577514","0.2128542775577514","0.2128542775577514","","292.0625","292.0625","292.0625","","52.33966700000019","52.33966700000019","52.33966700000019","","293.734375","293.734375","293.734375","","250.4588945731598","250.4588945731598","250.4588945731598","","529987","0","529987"
"portail","overload-1024","before","1","484.9373322057527","484.9373322057527","484.9373322057527","","2.2613065326633164","2.2613065326633164","2.2613065326633164","","151.765625","151.765625","151.765625","","605.6275840000001","605.6275840000001","605.6275840000001","","166.6875","166.6875","166.6875","","109.65919572491894","109.65919572491894","109.65919572491894","","3184","238068","241252"
"portail","overload-1024","next","1","4559.581411026581","4559.581411026581","4559.581411026581","","0.24730465710792487","0.24730465710792487","0.24730465710792487","","438.75","438.75","438.75","","196.06604199999992","196.06604199999992","196.06604199999992","","440.625","440.625","440.625","","112.76057174095969","112.76057174095969","112.76057174095969","","35988","106","36094"
"portail","overload-1024","rustyx","1","11059.236665916964","11059.236665916964","11059.236665916964","","0.32327297116029513","0.32327297116029513","0.32327297116029513","","300.796875","300.796875","300.796875","","103.18737499999952","103.18737499999952","103.18737499999952","","312.859375","312.859375","312.859375","","357.51522957558524","357.51522957558524","357.51522957558524","","67095","114176","181271"
"dashboard","ppr-html","before","3","1318.649986041524","1284.2934842060788","1350.5203450017134","33.12120692613882","1.429804018242327","1.4242385947175533","1.521598132053444","0.05467481562175446","265.109375","255.421875","270.515625","7.647401349205712","4.342959000000064","4.249791000000187","4.3600830000000315","0.05935463035004356","272.953125","267.484375","278.140625","5.328743549139891","193.09794160014636","187.80722030441015","195.41785665763788","3.9007589732470445","23735","0","23735"
"dashboard","ppr-html","next","3","855.2820634392099","827.1954121995435","858.1472419853352","17.10304550388834","1.578334304018637","1.5760763685953634","1.6270640354409989","0.028808063591156518","262.75","262.609375","268.65625","3.4512862751624938","6.616041999999879","6.5471669999997175","7.015084000000002","0.25262772422360463","277.03125","275.296875","283.546875","4.349787845041986","134.7989848670019","134.58999054716696","135.44432299244372","0.445350769791741","15250","0","15250"
"dashboard","ppr-html","rustyx","3","1460.6749061149415","1430.2928238798252","1473.1005442357546","22.02259569064701","1.3525163094128612","1.3120687705010745","1.360784761035702","0.026069197756578774","265.375","263.015625","265.6875","1.4607773419341954","3.955708999999999","3.8903329999999983","4.065583999999944","0.08856207804130879","270.953125","267.609375","273.34375","2.8803590225800555","193.44943715336407","193.28092198998704","198.7664153068467","3.1195429946871966","26192","0","26192"
"dashboard","mixed-64","before","3","2721.6087331448007","2716.7647321883137","2949.6044726108776","133.05379004998727","0.8804533268340239","0.8205012925705294","0.8887534288326729","0.03724131265558319","273.90625","265.484375","274.90625","5.175256950645864","50.25216599999999","45.52216700000008","50.30116700000008","2.7451209031662307","288.40625","281.171875","291.5","5.300591739273865","241.45339710640422","239.6249463437873","242.01542823490396","1.249900986243439","50611","0","50611"
"dashboard","mixed-64","next","3","1706.9071903859551","1675.4961870385366","1746.1715209316199","35.41031301139438","0.8517258142926593","0.8362634229782382","0.8693930092088326","0.016577016243264506","336.78125","332.375","340.40625","4.021953104007222","93.56287500000008","90.46354200000042","94.81091700000002","2.2384199512629546","343.5","341.609375","344.53125","1.4818509241682623","145.66646719673582","145.3816916653473","146.02593732013926","0.3228437022811617","30907","0","30907"
"dashboard","mixed-64","rustyx","3","2845.5556174026897","2801.4115250047425","2954.300982282528","78.68655266645355","0.8418545201022543","0.8086298683104511","0.8495887191539365","0.02176129126100016","269.21875","260.75","271.53125","5.676012896024227","73.33879100000001","70.05391699999996","74.16858300000013","2.1759836186078383","281.671875","280.96875","297.90625","9.582346812900708","238.8936014252557","238.0047629351855","239.5543858712815","0.7776032824877861","52077","0","52077"
"dashboard","sustained-ppr","before","1","3077.735482238769","3077.735482238769","3077.735482238769","","0.7450991709896896","0.7450991709896896","0.7450991709896896","","312.796875","312.796875","312.796875","","43.24116700000013","43.24116700000013","43.24116700000013","","314.484375","314.484375","314.484375","","229.3218156341659","229.3218156341659","229.3218156341659","","138599","0","138599"
"dashboard","sustained-ppr","next","1","2080.4205736919657","2080.4205736919657","2080.4205736919657","","0.617720221636222","0.617720221636222","0.617720221636222","","351.84375","351.84375","351.84375","","70.9965000000011","70.9965000000011","70.9965000000011","","351.9375","351.9375","351.9375","","128.5117857877557","128.5117857877557","128.5117857877557","","93667","0","93667"
"dashboard","sustained-ppr","rustyx","1","3094.661731816628","3094.661731816628","3094.661731816628","","0.7455086599490802","0.7455086599490802","0.7455086599490802","","298.84375","298.84375","298.84375","","64.87554199999795","64.87554199999795","64.87554199999795","","315.09375","315.09375","315.09375","","230.70971206823143","230.70971206823143","230.70971206823143","","139435","0","139435"
"journal","api-pages","before","3","19376.18591675922","18693.191720875846","19513.824250342503","439.48134789787576","0.1129316647314325","0.11221849299274936","0.11741316596533771","0.0028159395865468605","138.265625","136.90625","138.40625","0.8284197588632227","0.3256249999994907","0.32008399999995163","0.33816699999988487","0.009264622082617698","138.640625","137.015625","138.890625","1.0180659769058846","218.98119498988027","218.81849317253565","219.48268219450725","0.34619559853725473","345526","0","345526"
"journal","api-pages","next","3","12648.40587210822","12489.234078744545","12649.198125998959","92.12743337613801","0.09683666881859264","0.0967112891324971","0.09780766716037521","0.00060008369214133","216.015625","215.59375","218.234375","1.4185515187889135","0.6312080000002425","0.6085410000000024","0.6409999999999911","0.016649638804917186","217.859375","217.234375","220","1.4503782283281603","122.32436373626322","122.15428498618618","122.49062097481237","0.1681716126673944","226740","0","226740"
"journal","api-pages","rustyx","3","18846.972424866155","18597.3489670034","19226.738780411764","316.92951181137244","0.11725174639667521","0.114329796824076","0.11855688579826511","0.0021644652672236885","137.84375","137.28125","139.03125","0.8934075684329819","0.3399590000003627","0.3361249999998108","0.3422920000002705","0.0031137954870080744","138.125","138.03125","139.578125","0.8672930678986198","220.48437776315058","219.818913835406","220.98404311055373","0.5845274339628329","340050","0","340050"
