scenario;charge;mode;repetition;requests;requestsPerSecond;cpuPercentOneCore;cpuMsPerResponse;idleColdRssMiB;idleWarmRssMiB;loadMedianRssMiB;loadPeakRssMiB;p50Ms;p95Ms;p99Ms;ttfbP50Ms;ttfbP95Ms;ttfbP99Ms;meanBodyBytes;backendCallsPerSecond;clientCpuPercent
ssr;fixed-250;next;1;1500;250.10089486933853;60.524416558379926;2.42;106.625;144.46875;181.125;195.15625;1.6587500000005093;3.1476659999998446;33.49116700000013;1.273915999999872;2.3570829999999887;12.595415999999659;1579.3673333333334;0;9.287563424544853
ssr;fixed-250;speed;1;1500;250.08493334489273;37.01257013504412;1.48;7.671875;117.21875;189.03125;196.875;0.9885000000003856;1.5553749999999127;2.4798749999999927;0.8722909999996773;1.430667000000028;2.2945410000002084;1461.234;0;8.95050641975593
ssr;fixed-250;balanced;1;1500;250.15471201735272;42.359531234938395;1.6933333333333334;7.609375;112.5625;129.40625;133.453125;1.00262500000008;1.4905419999995502;2.1004159999999956;0.8827499999999873;1.328125;1.9318750000002183;1463.0866666666666;0;8.737837382842926
ssr;fixed-250;balanced;2;1500;250.0992998428418;40.68281944110227;1.6266666666666667;7.59375;112.453125;130.90625;133.421875;0.9994590000001153;1.643833000000086;3.6135409999997137;0.8870830000000183;1.5118330000000242;3.428416999999854;1461.4746666666667;0;9.01557956073476
ssr;fixed-250;speed;2;1500;250.0881143789662;37.84666797601689;1.5133333333333334;7.625;120.734375;192.125;205.453125;1.0036250000000564;1.5379159999999956;2.3623749999997017;0.8869580000000497;1.3783329999996567;2.2100829999999405;1462.514;0;8.830894751917594
ssr;fixed-250;next;2;1500;250.0865160547533;60.02076385314079;2.4;105.765625;146.046875;180.625;197.28125;1.6649999999999636;2.7430839999999534;7.163916999999856;1.2743329999993875;2.153208000000177;4.157333999999537;1579.8126666666667;0;9.410138719067433
ssr;fixed-250;next;3;1500;250.11824861282855;59.861634168003626;2.393333333333333;105.890625;144.15625;178.4375;193.515625;1.678083000000015;3.088041000000203;5.367416000000048;1.2843339999999444;2.138249999999971;3.528958999999986;1579.9713333333334;0;9.246804953016643
ssr;fixed-250;speed;3;1500;250.107601834361;38.01635547882287;1.52;7.609375;119.46875;190.671875;208.09375;1.007499999999709;1.4898749999997563;2.555333000000246;0.8846659999999247;1.3636670000000777;2.377042000000074;1463.692;0;9.447564551691151
ssr;fixed-250;balanced;3;1500;250.12900228202395;42.35517771975606;1.6933333333333334;7.59375;112.59375;129.75;136.328125;1.020082999999886;1.5953340000000935;3.168542000000002;0.9006669999998849;1.4240420000000995;2.9980420000000017;1462.1093333333333;0;9.105112564736142
ssr;concurrency-128;next;1;5941;983.0104597973382;159.6709465922288;1.624305672445716;105.703125;145.640625;468.171875;505.21875;126.81229099999973;156.33612499999992;194.718583;78.55175000000008;99.56150000000002;119.727666;1581.020703585255;0;15.747724979438448
ssr;concurrency-128;speed;1;30220;5017.121529040004;218.64821488238536;0.4358041032428855;7.65625;121.40625;300.765625;303.796875;24.245292000000063;32.32666599999999;46.1752919999999;24.209917000000132;32.28716700000001;46.164959000000636;1467.2152878888153;0;36.715783448035445
ssr;concurrency-128;balanced;1;23825;3951.0118752271283;212.1025892304511;0.5368310598111228;7.65625;108.515625;167.84375;169.8125;30.748916999999892;42.789334;53.824083;30.706833000000188;42.756249999999966;53.765792000000005;1468.3986568730325;0;31.881539848871046
ssr;concurrency-128;balanced;2;23615;3916.0477195708495;214.25084284080194;0.5471098877831887;7.609375;113.796875;157.625;161.59375;30.68558299999995;45.68545800000004;55.65429099999997;30.64233400000012;45.633583000000044;55.59254099999998;1467.9709930129154;0;32.08681647391718
ssr;concurrency-128;speed;2;30126;5003.15697029251;227.8540583961138;0.45542056695213434;7.65625;118.296875;302.75;311.78125;24.40154100000018;32.74154199999998;45.949583000000004;24.366250000000036;32.71045800000002;45.881084;1466.440981212242;0;36.798845616938834
ssr;concurrency-128;next;2;5840;967.4976295065572;158.70937141563044;1.6404109589041096;104.3125;146.109375;489.3125;515.25;127.48720800000001;160.657667;188.65775;71.75670900000023;97.5390000000001;116.17587500000002;1581.4924657534248;0;15.985032281535846
ssr;concurrency-128;next;3;5595;923.6476772252993;156.6651734918336;1.6961572832886507;106.84375;145.640625;470.328125;510.015625;133.27987500000017;182.937542;189.237792;74.23737500000061;113.16674999999998;126.36741699999993;1581.6711349419124;0;15.698626280947492
ssr;concurrency-128;speed;3;30369;5041.291806189891;222.27566691324256;0.4409101386282064;7.59375;116.609375;295.515625;302.78125;24.207374999999956;33.19470799999999;43.30250000000001;24.17266699999982;33.15591699999993;43.28504100000001;1467.1300339161646;0;37.47667344904206
ssr;concurrency-128;balanced;3;23464;3893.5211943724994;210.07491613005388;0.5395499488578247;7.53125;111.21875;158.265625;160.234375;30.766167000000223;46.91358300000002;58.98229200000003;30.72225000000026;46.864750000000015;58.9441250000001;1468.4312137742925;0;31.785247458217054
stream;fixed-250;next;1;1500;248.39239580342385;74.18652887995593;2.986666666666667;106.5625;162.046875;225.65625;238.015625;42.35337499999969;44.67454099999986;46.77366699999993;1.457667000000015;2.4479160000000775;3.508250000000089;2392;248.39239580342385;9.528481338456821
stream;fixed-250;speed;1;1500;248.36641987769366;57.786587024876724;2.3266666666666667;7.671875;142.703125;209.09375;215.1875;41.67254200000002;42.86454099999992;43.68658299999993;0.9648329999999987;1.549250000000029;2.2864999999999895;2278.3913333333335;248.36641987769366;10.05215066947122
stream;fixed-250;balanced;1;1500;248.34608576465976;67.21900721363458;2.7066666666666666;7.5625;130.015625;158.671875;162.90625;41.66508299999987;42.818040999999994;48.03545799999995;0.9543330000001333;1.63575000000003;2.806792000000314;2278.595333333333;248.34608576465976;10.144440911314822
stream;fixed-250;balanced;2;1500;248.33847249328028;68.70697738980755;2.7666666666666666;7.546875;129.359375;157.25;163.921875;41.69970799999999;42.78687499999978;43.49358299999949;0.949916999999914;1.6232499999996435;2.5619580000002316;2278.9566666666665;248.33847249328028;9.929333701596992
stream;fixed-250;speed;2;1500;248.4962902610896;58.810788695124536;2.3666666666666667;7.671875;146.375;211.921875;216.875;41.646082999999635;42.733124999999745;43.607332999999926;0.9627500000001419;1.5540829999999914;2.4482080000000224;2279.1993333333335;248.4962902610896;10.256369618558809
stream;fixed-250;next;2;1500;248.41349170935496;72.20552159018584;2.9066666666666667;104.515625;168.140625;272.71875;328.59375;42.24675000000002;44.83249999999953;48.91966699999966;1.456124999999929;2.5184580000000025;3.524582999999893;2392;248.41349170935496;9.552426166593747
stream;fixed-250;next;3;1500;248.3956093232419;73.5251003596796;2.96;105.84375;161.3125;219.28125;248.46875;42.190000000000055;44.360041999999794;45.98183300000005;1.4656669999999394;2.4669999999999845;3.28445899999997;2392;248.3956093232419;9.82939513418831
stream;fixed-250;speed;3;1500;248.42187416707512;58.46194772065168;2.3533333333333335;7.53125;143.453125;211.984375;215.40625;41.63066600000002;42.73762500000066;43.85933399999976;0.9597089999997479;1.4716660000000275;2.451959000000002;2278.4906666666666;248.42187416707512;10.06012533918643
stream;fixed-250;balanced;3;1500;248.3764562466865;66.8960588824409;2.6933333333333334;7.609375;135.28125;163.234375;174.515625;41.718459000000166;43.17320800000016;54.368167000000085;0.9458749999994325;1.7667499999997744;14.955124999999953;2278.3906666666667;248.3764562466865;10.06848608216318
stream;concurrency-128;next;1;4137;682.2401124038822;164.41706358875285;2.4099589074208363;119.25;164.203125;578.75;660.265625;182.805208;216.903458;346.629708;79.84541699999954;99.73462500000005;167.94995799999998;2392;682.2401124038822;14.389791299995588
stream;concurrency-128;speed;1;16326;2702.4806880682027;250.94700006807517;0.9285801788558128;7.671875;142.21875;485.171875;506.625;45.34920799999986;58.35887500000001;76.02379100000002;3.7137080000002243;15.362999999999829;24.529832999999996;2254.372902119319;2702.4806880682027;33.62090573906767
stream;concurrency-128;balanced;1;4469;723.2383307011731;126.23090130832738;1.7453569031103155;7.9375;130.703125;200.3125;220.59375;175.29599999999994;182.19329100000004;195.75754099999995;133.82970899999998;140.712334;155.94666599999982;2259.930409487581;723.2383307011731;16.10790454628463
stream;concurrency-128;balanced;2;4465;723.4580614036898;122.65571164223812;1.6954087346024636;7.609375;135.65625;208.796875;221.96875;175.3879159999999;181.7251669999996;185.47704199999998;133.9126669999996;140.6497919999997;145.70129199999974;2259.7888017917135;723.4580614036898;15.91836195528561
stream;concurrency-128;speed;2;16183;2678.9668450982135;250.63064966191038;0.935549650868195;7.609375;143.953125;498.59375;509.625;45.60395800000015;58.842750000000024;76.380292;3.838083000000097;14.208333999999994;28.742874999999998;2254.1855033059383;2678.9668450982135;33.44738858236114
stream;concurrency-128;next;2;4144;682.9531096821211;164.14606593711213;2.4034749034749034;105.640625;164.171875;578.96875;612.453125;183.07600000000002;217.534167;248.92783399999996;63.533334000000195;114.7655;152.23095800000002;2392;682.9531096821211;14.454956366564206
stream;concurrency-128;next;3;4041;668.5092258787801;163.44645265237185;2.4449393714427123;105.578125;162.296875;652.84375;743.015625;184.25958400000036;217.63458299999996;230.564666;68.402916;114.23487499999999;126.02841699999999;2392;668.5092258787801;14.248163276195712
stream;concurrency-128;speed;3;15944;2638.842432680789;250.41197946851693;0.9489463120923232;7.609375;139.796875;558.3125;579.0625;45.983625000000075;63.523708999999826;80.10725;4.0092500000000655;17.653749999999945;29.351499999999987;2253.6975664826896;2638.842432680789;38.142577275302635
stream;concurrency-128;balanced;3;4480;727.8318836447193;123.30901778712989;1.6941964285714286;7.78125;127.875;201.8125;214.140625;174.71849999999972;180.93166599999995;185.2757919999999;133.36208399999987;140.52266700000018;144.2551669999998;2260.1988839285714;727.8318836447193;15.99589273030701
